design,comparison,true_gap,cohort,ratio_mean,ci_lo,ci_hi
Algorithm 2,Doses 1–2,0.24999999999999997,1,,,
Algorithm 2,Doses 1–2,0.24999999999999997,2,,,
Algorithm 2,Doses 1–2,0.24999999999999997,3,6.1825724427780955,6.182572442778041,6.182572442778044
Algorithm 2,Doses 1–2,0.24999999999999997,4,6.846468017635675,6.846468017635516,6.846468017635518
Algorithm 2,Doses 1–2,0.24999999999999997,5,7.280888809900972,7.280888809901169,7.28088880990117
Algorithm 2,Doses 1–2,0.24999999999999997,6,7.600772172846331,7.600772172846248,7.600772172846251
Algorithm 2,Doses 1–2,0.24999999999999997,7,7.852468667142412,7.852468667142294,7.852468667142298
Algorithm 2,Doses 1–2,0.24999999999999997,8,7.8596850055911265,7.832539614292144,7.888040137154614
Algorithm 2,Doses 1–2,0.24999999999999997,9,7.946765316337176,7.914872813485255,7.981203487408783
Algorithm 2,Doses 1–2,0.24999999999999997,10,8.0171923477511,7.975998187748216,8.057526603620353
Algorithm 2,Doses 1–2,0.24999999999999997,11,8.094143592974136,8.050336688249157,8.136972013483934
Algorithm 2,Doses 1–2,0.24999999999999997,12,8.104814239552095,8.057521136746207,8.152698805048784
Algorithm 2,Doses 1–2,0.24999999999999997,13,8.091493745991317,8.041718164294865,8.142722269912298
Algorithm 2,Doses 1–2,0.24999999999999997,14,8.124160351639365,8.070918294726548,8.17829444774941
Algorithm 2,Doses 1–2,0.24999999999999997,15,8.130496410379795,8.074780566258427,8.18626375503149
Algorithm 2,Doses 1–2,0.24999999999999997,16,8.143107707031374,8.082021326610151,8.19918770770317
Algorithm 2,Doses 1–2,0.24999999999999997,17,8.165313841086942,8.103378435207446,8.22312732715155
Algorithm 2,Doses 1–2,0.24999999999999997,18,8.163747287060785,8.103904837684933,8.224191220967802
Algorithm 2,Doses 1–2,0.24999999999999997,19,8.158986113709586,8.094111408506633,8.222566259125939
Algorithm 2,Doses 1–2,0.24999999999999997,20,8.147816311749608,8.083968552752543,8.210214523768764
Algorithm 2,Doses 1–2,0.24999999999999997,21,8.138937249953289,8.07326347158125,8.20091554542511
Algorithm 2,Doses 1–2,0.24999999999999997,22,8.117761094296633,8.054283618706757,8.180411773236111
Algorithm 2,Doses 1–2,0.24999999999999997,23,8.118962945103029,8.054563365636026,8.18396039749926
Algorithm 2,Doses 1–2,0.24999999999999997,24,8.114513222738877,8.047198066770433,8.17965508846772
Algorithm 2,Doses 1–2,0.24999999999999997,25,8.104752372375641,8.036644952595697,8.172760612368824
Algorithm 2,Doses 1–2,0.24999999999999997,26,8.108744274064867,8.039825365649767,8.177436777513357
Algorithm 2,Doses 1–2,0.24999999999999997,27,8.114920480991177,8.04523309096959,8.18440248319169
Algorithm 2,Doses 1–2,0.24999999999999997,28,8.107530808645123,8.036951571585456,8.174011019465615
Algorithm 2,Doses 1–2,0.24999999999999997,29,8.108498812504454,8.037315043925451,8.176768386540852
Algorithm 2,Doses 1–2,0.24999999999999997,30,8.10637900382739,8.034109784756106,8.178191015373006
Algorithm 2,Doses 1–2,0.24999999999999997,31,8.104079697300653,8.03097279861862,8.17485610624561
Algorithm 2,Doses 1–2,0.24999999999999997,32,8.103737704552337,8.030505798753628,8.175231405196893
Algorithm 2,Doses 1–2,0.24999999999999997,33,8.0950268166036,8.020673250486015,8.168290676603675
Algorithm 2,Doses 1–2,0.24999999999999997,34,8.091246141820111,8.015502739490728,8.166260805305246
Algorithm 2,Doses 1–2,0.24999999999999997,35,8.083314425453047,8.00585758391396,8.15867722522769
Algorithm 2,Doses 1–2,0.24999999999999997,36,8.080521573322924,8.002164860619908,8.158971389514544
Algorithm 2,Doses 1–2,0.24999999999999997,37,8.081225884379176,8.003602868909477,8.158814700276148
Algorithm 2,Doses 1–2,0.24999999999999997,38,8.081409257879315,8.003085390968739,8.159453652178113
Algorithm 2,Doses 1–2,0.24999999999999997,39,8.083291667379918,8.006815388507155,8.161181072103677
Algorithm 2,Doses 1–2,0.24999999999999997,40,8.07647437207475,7.997099562110504,8.154529199115641
Algorithm 2,Doses 1–2,0.24999999999999997,41,8.073436699108889,7.994184698448256,8.151833917043591
Algorithm 2,Doses 1–2,0.24999999999999997,42,8.07348512279415,7.994614357423564,8.150618722897107
Algorithm 2,Doses 1–2,0.24999999999999997,43,8.06494478328776,7.985020217290595,8.143646761292363
Algorithm 2,Doses 1–2,0.24999999999999997,44,8.061719398256761,7.982716999573737,8.140210853926506
Algorithm 2,Doses 1–2,0.24999999999999997,45,8.05739968056303,7.977656916353271,8.136036712593791
Algorithm 2,Doses 1–2,0.24999999999999997,46,8.058503313918509,7.977870766607583,8.138767008426223
Algorithm 2,Doses 1–2,0.24999999999999997,47,8.058575252080152,7.977029819365978,8.13988442256287
Algorithm 2,Doses 1–2,0.24999999999999997,48,8.061904579107606,7.980146430410558,8.145087233267807
Algorithm 2,Doses 1–2,0.24999999999999997,49,8.055867329235712,7.9729749568464126,8.138975730565042
Algorithm 2,Doses 1–2,0.24999999999999997,50,8.051653890908193,7.967810032497071,8.134576645870176
Algorithm 2,Doses 1–2,0.24999999999999997,51,8.04824395555347,7.964729452198903,8.130678930128989
Algorithm 2,Doses 1–2,0.24999999999999997,52,8.049070695262188,7.96468894904967,8.130203754580197
Algorithm 2,Doses 1–2,0.24999999999999997,53,8.047882459527951,7.9633082175097885,8.129375802567917
Algorithm 2,Doses 1–2,0.24999999999999997,54,8.036903506551177,7.9557588162612785,8.120921360324688
Algorithm 2,Doses 1–2,0.24999999999999997,55,8.035805110421377,7.953926889973553,8.120020376808334
Algorithm 2,Doses 1–2,0.24999999999999997,56,8.032126208381738,7.951523247274603,8.116891127524369
Algorithm 2,Doses 1–2,0.24999999999999997,57,8.025171096651908,7.943513078689904,8.110207080677059
Algorithm 2,Doses 1–2,0.24999999999999997,58,8.018198111140853,7.936347775111875,8.101586771847762
Algorithm 2,Doses 1–2,0.24999999999999997,59,8.019308866194647,7.938762901200751,8.103366484553169
Algorithm 2,Doses 1–2,0.24999999999999997,60,8.013130112800019,7.933013576614529,8.097768448224109
Algorithm 2,Doses 1–2,0.24999999999999997,61,8.007351535235705,7.926739751254353,8.091647068036862
Algorithm 2,Doses 1–2,0.24999999999999997,62,8.003209386380899,7.9227549396895585,8.088533423025908
Algorithm 2,Doses 1–2,0.24999999999999997,63,7.994666218775081,7.913814303405995,8.078281155842173
Algorithm 2,Doses 1–2,0.24999999999999997,64,7.99160877739809,7.912162257656527,8.075337139104938
Algorithm 2,Doses 1–2,0.24999999999999997,65,7.987947235636353,7.90839899585093,8.071374949955473
Algorithm 2,Doses 1–2,0.24999999999999997,66,7.985220665341253,7.905320467144923,8.068552128390394
Algorithm 2,Doses 1–2,0.24999999999999997,67,7.9847635969775155,7.9050756674077665,8.06838002130914
Algorithm 2,Doses 1–2,0.24999999999999997,68,7.98133625902303,7.901369240502417,8.06630568613194
Algorithm 2,Doses 1–2,0.24999999999999997,69,7.974996863992863,7.894390581409585,8.05914765574601
Algorithm 2,Doses 1–2,0.24999999999999997,70,7.971086697030835,7.88816106976725,8.05469732540329
Algorithm 2,Doses 1–2,0.24999999999999997,71,7.968834592840658,7.887634162230331,8.053207211979228
Algorithm 2,Doses 1–2,0.24999999999999997,72,7.964643582561911,7.884034765839708,8.04802171180359
Algorithm 2,Doses 1–2,0.24999999999999997,73,7.963022326548325,7.883070814067889,8.047681917247697
Algorithm 2,Doses 1–2,0.24999999999999997,74,7.961011096122661,7.87947615576256,8.046374847803376
Algorithm 2,Doses 1–2,0.24999999999999997,75,7.9572121640572435,7.875384496852663,8.043034402718586
Algorithm 2,Doses 1–2,0.24999999999999997,76,7.950008598883366,7.868863444271542,8.036596664514184
Algorithm 2,Doses 1–2,0.24999999999999997,77,7.94856465952544,7.868595156506832,8.035173431538768
Algorithm 2,Doses 1–2,0.24999999999999997,78,7.945775081935489,7.864845088628315,8.030231279160043
Algorithm 2,Doses 1–2,0.24999999999999997,79,7.942179069805989,7.860840381906264,8.025288844238228
Algorithm 2,Doses 1–2,0.24999999999999997,80,7.9419609129243245,7.860707306986461,8.026750695395064
Algorithm 2,Doses 1–2,0.24999999999999997,81,7.942365828811496,7.859380331905393,8.027308595639356
Algorithm 2,Doses 1–2,0.24999999999999997,82,7.942881521114313,7.8589374150916225,8.027958322372385
Algorithm 2,Doses 1–2,0.24999999999999997,83,7.944129495956043,7.860352746844512,8.02730124148871
Algorithm 2,Doses 1–2,0.24999999999999997,84,7.946340112135149,7.862924645698423,8.03054334462295
Algorithm 2,Doses 1–2,0.24999999999999997,85,7.93994814273963,7.858506173404868,8.023880959204515
Algorithm 2,Doses 1–2,0.24999999999999997,86,7.939193000113346,7.858642440125251,8.022751541293076
Algorithm 2,Doses 1–2,0.24999999999999997,87,7.935263411538291,7.854288289796226,8.018218213221324
Algorithm 2,Doses 1–2,0.24999999999999997,88,7.93461682738075,7.852018072409509,8.015323411894913
Algorithm 2,Doses 1–2,0.24999999999999997,89,7.934156919404235,7.852071606238554,8.014106448412393
Algorithm 2,Doses 1–2,0.24999999999999997,90,7.931231807348497,7.847953389683831,8.0128304569359
Algorithm 2,Doses 1–2,0.24999999999999997,91,7.93062122546189,7.848414211727921,8.013542277861815
Algorithm 2,Doses 1–2,0.24999999999999997,92,7.926914291930727,7.846737668217098,8.008299973160756
Algorithm 2,Doses 1–2,0.24999999999999997,93,7.919382293971757,7.8378466052271465,8.00028065783828
Algorithm 2,Doses 1–2,0.24999999999999997,94,7.9162172900396195,7.835326718581227,7.998346652654395
Algorithm 2,Doses 1–2,0.24999999999999997,95,7.913555719471598,7.833664112047104,7.994000130348296
Algorithm 2,Doses 1–2,0.24999999999999997,96,7.914256233483309,7.83371046557768,7.9950920437149575
Algorithm 2,Doses 1–2,0.24999999999999997,97,7.913065228699515,7.832847829626367,7.994099825499809
Algorithm 2,Doses 1–2,0.24999999999999997,98,7.909581871648256,7.827793354909411,7.991004761108794
Algorithm 2,Doses 1–2,0.24999999999999997,99,7.908319155918864,7.826923762209607,7.9884963840796095
Algorithm 2,Doses 1–2,0.24999999999999997,100,7.907044760035298,7.825115514006617,7.987396623969461
Algorithm 2,Doses 2–3,0.25,1,,,
Algorithm 2,Doses 2–3,0.25,2,,,
Algorithm 2,Doses 2–3,0.25,3,,,
Algorithm 2,Doses 2–3,0.25,4,6.846468017635675,6.846468017635516,6.846468017635518
Algorithm 2,Doses 2–3,0.25,5,7.280888809900972,7.280888809901168,7.28088880990117
Algorithm 2,Doses 2–3,0.25,6,7.600772172846331,7.600772172846248,7.600772172846251
Algorithm 2,Doses 2–3,0.25,7,7.852468667142412,7.852468667142293,7.852468667142297
Algorithm 2,Doses 2–3,0.25,8,7.412376166359369,7.376939628370088,7.447783198488529
Algorithm 2,Doses 2–3,0.25,9,7.254830727635751,7.203913169806298,7.305622921288403
Algorithm 2,Doses 2–3,0.25,10,7.095744331457703,7.037501050273604,7.155507877412687
Algorithm 2,Doses 2–3,0.25,11,6.998174022091941,6.928930863935216,7.06637323679382
Algorithm 2,Doses 2–3,0.25,12,6.861801098228619,6.781756857817727,6.939741755091052
Algorithm 2,Doses 2–3,0.25,13,6.707945329731215,6.625916062676049,6.788189656200582
Algorithm 2,Doses 2–3,0.25,14,6.620858121944975,6.533767009134255,6.704566451579974
Algorithm 2,Doses 2–3,0.25,15,6.522062315327872,6.432630967620738,6.608161771738317
Algorithm 2,Doses 2–3,0.25,16,6.4357806623459455,6.345625159587717,6.525003970451766
Algorithm 2,Doses 2–3,0.25,17,6.352021478529187,6.261002314351698,6.443411943716777
Algorithm 2,Doses 2–3,0.25,18,6.251918789634873,6.160187685743285,6.346021140320072
Algorithm 2,Doses 2–3,0.25,19,6.161796166180147,6.068892162614423,6.258589122330602
Algorithm 2,Doses 2–3,0.25,20,6.061135031717489,5.966075474612594,6.1605457849474865
Algorithm 2,Doses 2–3,0.25,21,5.972344186094917,5.877664703936978,6.072428936202031
Algorithm 2,Doses 2–3,0.25,22,5.879018534315736,5.7841481822379714,5.979408806836086
Algorithm 2,Doses 2–3,0.25,23,5.8157510591515695,5.7190809444101065,5.919576865958818
Algorithm 2,Doses 2–3,0.25,24,5.745820423960583,5.645858481016479,5.84782370148707
Algorithm 2,Doses 2–3,0.25,25,5.66460330499049,5.566396985160848,5.768635857548752
Algorithm 2,Doses 2–3,0.25,26,5.60686282889886,5.508150971331613,5.7118298984914055
Algorithm 2,Doses 2–3,0.25,27,5.554085156088974,5.455084738554651,5.6589340953187115
Algorithm 2,Doses 2–3,0.25,28,5.490172100619682,5.389071186856027,5.595825000798438
Algorithm 2,Doses 2–3,0.25,29,5.430533162047035,5.330130953043975,5.539136974724432
Algorithm 2,Doses 2–3,0.25,30,5.382771421859519,5.28178717556915,5.494003256939538
Algorithm 2,Doses 2–3,0.25,31,5.334115615481102,5.232970549801906,5.448096424984093
Algorithm 2,Doses 2–3,0.25,32,5.28578156021332,5.182434362603903,5.401781198935987
Algorithm 2,Doses 2–3,0.25,33,5.2361490471672205,5.1336665062820215,5.351274623591166
Algorithm 2,Doses 2–3,0.25,34,5.189596764867797,5.082790127276406,5.304420676598744
Algorithm 2,Doses 2–3,0.25,35,5.141311977092528,5.036929902771784,5.258432385178763
Algorithm 2,Doses 2–3,0.25,36,5.096102890814024,4.99056140887178,5.213997337018955
Algorithm 2,Doses 2–3,0.25,37,5.052705246224414,4.948382333068708,5.169782335515495
Algorithm 2,Doses 2–3,0.25,38,5.012931160199264,4.911470127627123,5.126879160650097
Algorithm 2,Doses 2–3,0.25,39,4.97860609126077,4.876588892108084,5.0914110447208785
Algorithm 2,Doses 2–3,0.25,40,4.938620575490123,4.834767279739912,5.05406298373772
Algorithm 2,Doses 2–3,0.25,41,4.899432271634617,4.796065146762359,5.015065823503987
Algorithm 2,Doses 2–3,0.25,42,4.861328196730399,4.757302073264738,4.967894835591436
Algorithm 2,Doses 2–3,0.25,43,4.82157233056539,4.717565408484326,4.928110205044164
Algorithm 2,Doses 2–3,0.25,44,4.786369128691409,4.682408282874052,4.894932882181387
Algorithm 2,Doses 2–3,0.25,45,4.751966166219396,4.647132961897991,4.86117828827318
Algorithm 2,Doses 2–3,0.25,46,4.723469421788265,4.619237763432291,4.835629935448779
Algorithm 2,Doses 2–3,0.25,47,4.688170046656964,4.585921852547321,4.800056667196561
Algorithm 2,Doses 2–3,0.25,48,4.659881391882127,4.558854229292,4.770042542392962
Algorithm 2,Doses 2–3,0.25,49,4.625893160616622,4.5224781991974305,4.738311634601061
Algorithm 2,Doses 2–3,0.25,50,4.592606982245014,4.48976121914568,4.703437971376499
Algorithm 2,Doses 2–3,0.25,51,4.559871555830215,4.456622488905981,4.668044827381447
Algorithm 2,Doses 2–3,0.25,52,4.528765037791862,4.426532798949612,4.632804909395405
Algorithm 2,Doses 2–3,0.25,53,4.499146188760219,4.394788025299237,4.605514294273391
Algorithm 2,Doses 2–3,0.25,54,4.466406394706616,4.362170419104669,4.571823846018388
Algorithm 2,Doses 2–3,0.25,55,4.438451280408873,4.334211441037827,4.541818667659752
Algorithm 2,Doses 2–3,0.25,56,4.4090555193338785,4.304112582513624,4.513476489969518
Algorithm 2,Doses 2–3,0.25,57,4.379220939520014,4.273026208098309,4.483186473371735
Algorithm 2,Doses 2–3,0.25,58,4.349056952282187,4.244756066247653,4.453577510878721
Algorithm 2,Doses 2–3,0.25,59,4.325957640432338,4.224248827125156,4.429003394635651
Algorithm 2,Doses 2–3,0.25,60,4.294685226936949,4.195074522975711,4.397466621116737
Algorithm 2,Doses 2–3,0.25,61,4.267369169846572,4.1696673658260694,4.365793013684722
Algorithm 2,Doses 2–3,0.25,62,4.241915438941884,4.144858397869921,4.339954908388769
Algorithm 2,Doses 2–3,0.25,63,4.211298484334733,4.114313575979506,4.308144657261407
Algorithm 2,Doses 2–3,0.25,64,4.189340252821509,4.094753016624079,4.287846765379764
Algorithm 2,Doses 2–3,0.25,65,4.162781256325148,4.068155282408972,4.259407900835288
Algorithm 2,Doses 2–3,0.25,66,4.135708458257888,4.043322431655907,4.232653643049384
Algorithm 2,Doses 2–3,0.25,67,4.114738016184397,4.0206744835299,4.21238335675359
Algorithm 2,Doses 2–3,0.25,68,4.093691390181937,4.000114721987123,4.190576929713717
Algorithm 2,Doses 2–3,0.25,69,4.07056307045818,3.978800560510219,4.168037707489257
Algorithm 2,Doses 2–3,0.25,70,4.049114931254571,3.958216868824392,4.144125350942861
Algorithm 2,Doses 2–3,0.25,71,4.029854671502333,3.9382151989584386,4.1257754007948835
Algorithm 2,Doses 2–3,0.25,72,4.009194674356015,3.918146206814664,4.104394809480127
Algorithm 2,Doses 2–3,0.25,73,3.9918363175446823,3.902684405159439,4.087808301225043
Algorithm 2,Doses 2–3,0.25,74,3.972619990744368,3.882504508194579,4.069545753751922
Algorithm 2,Doses 2–3,0.25,75,3.9532771394858113,3.862592553691516,4.053026069688586
Algorithm 2,Doses 2–3,0.25,76,3.930958411259141,3.8415757060650964,4.030824378151279
Algorithm 2,Doses 2–3,0.25,77,3.9133184261716663,3.823618812829459,4.012795208800604
Algorithm 2,Doses 2–3,0.25,78,3.894214793241594,3.8042058662698657,3.9941038958723443
Algorithm 2,Doses 2–3,0.25,79,3.8765877790107277,3.787157162892618,3.9777530940407786
Algorithm 2,Doses 2–3,0.25,80,3.8582267783749793,3.7684386154660094,3.9590674366800864
Algorithm 2,Doses 2–3,0.25,81,3.841129302981618,3.7520563522129478,3.940368373521446
Algorithm 2,Doses 2–3,0.25,82,3.826885812227217,3.738107318314906,3.9263205654844366
Algorithm 2,Doses 2–3,0.25,83,3.81367044136069,3.7254874542987126,3.9123853336248784
Algorithm 2,Doses 2–3,0.25,84,3.80142598410428,3.7132800458979633,3.8992963115813333
Algorithm 2,Doses 2–3,0.25,85,3.781373427755243,3.6943954210672985,3.878732287029718
Algorithm 2,Doses 2–3,0.25,86,3.7653142731563825,3.6806825053025607,3.864006479634083
Algorithm 2,Doses 2–3,0.25,87,3.748666442560112,3.6629594398030885,3.8443128022515545
Algorithm 2,Doses 2–3,0.25,88,3.7353351117526556,3.6509505235455157,3.8283182755850285
Algorithm 2,Doses 2–3,0.25,89,3.7207783858295254,3.6358368340122116,3.8134859835776367
Algorithm 2,Doses 2–3,0.25,90,3.705110488980533,3.6202478633695305,3.7955585271981036
Algorithm 2,Doses 2–3,0.25,91,3.690863008195372,3.606313098435976,3.7816233735880043
Algorithm 2,Doses 2–3,0.25,92,3.673976735774701,3.591344391210649,3.76596011582853
Algorithm 2,Doses 2–3,0.25,93,3.6541389553063666,3.573376239871158,3.7436459085992118
Algorithm 2,Doses 2–3,0.25,94,3.6381090474114015,3.5549535608015392,3.7258453984224973
Algorithm 2,Doses 2–3,0.25,95,3.6212103098780073,3.5395572687946397,3.7070442936086643
Algorithm 2,Doses 2–3,0.25,96,3.6090012589872127,3.526968323039986,3.6933246884165896
Algorithm 2,Doses 2–3,0.25,97,3.5959606159561774,3.5165632332588843,3.6796318580274923
Algorithm 2,Doses 2–3,0.25,98,3.581347327719348,3.503530979476122,3.6652279861621504
Algorithm 2,Doses 2–3,0.25,99,3.5690203341365043,3.491542177465724,3.6526352307844325
Algorithm 2,Doses 2–3,0.25,100,3.5571120872822757,3.479213903575338,3.6410821281110715
MATLAB,Doses 1–2,0.24999999999999997,1,,,
MATLAB,Doses 1–2,0.24999999999999997,2,1.7167728210315,1.7167728210314777,1.7167728210314783
MATLAB,Doses 1–2,0.24999999999999997,3,1.7167728210315,1.7167728210314777,1.7167728210314783
MATLAB,Doses 1–2,0.24999999999999997,4,1.7167728210315,1.7167728210314777,1.7167728210314783
MATLAB,Doses 1–2,0.24999999999999997,5,1.7167728210315,1.7167728210314777,1.7167728210314783
MATLAB,Doses 1–2,0.24999999999999997,6,1.7167728210315,1.7167728210314777,1.7167728210314783
MATLAB,Doses 1–2,0.24999999999999997,7,1.7167728210315,1.7167728210314777,1.7167728210314783
MATLAB,Doses 1–2,0.24999999999999997,8,1.2139417035081306,1.2139417035081161,1.2139417035081166
MATLAB,Doses 1–2,0.24999999999999997,9,1.20302634330387,1.1999076689597825,1.2059222551947828
MATLAB,Doses 1–2,0.24999999999999997,10,1.192055598768093,1.1872929441381153,1.1968107184958305
MATLAB,Doses 1–2,0.24999999999999997,11,1.16865827735605,1.161972788614765,1.175340881843927
MATLAB,Doses 1–2,0.24999999999999997,12,1.1211447044640006,1.1129684236415354,1.1303071109635336
MATLAB,Doses 1–2,0.24999999999999997,13,1.0824218230245766,1.0735983486570129,1.0914863330800115
MATLAB,Doses 1–2,0.24999999999999997,14,1.057764179480557,1.048221870878438,1.0682007857784206
MATLAB,Doses 1–2,0.24999999999999997,15,1.0338725065067391,1.0236785679281055,1.0447853312490651
MATLAB,Doses 1–2,0.24999999999999997,16,1.015365935176736,1.0045222775914748,1.0274865934772448
MATLAB,Doses 1–2,0.24999999999999997,17,1.0026961907225975,0.9915916923248932,1.0151019128966943
MATLAB,Doses 1–2,0.24999999999999997,18,0.9871368666690222,0.9756881421706861,0.9999853191878861
MATLAB,Doses 1–2,0.24999999999999997,19,0.974181669712496,0.9622349904997767,0.9876464085662489
MATLAB,Doses 1–2,0.24999999999999997,20,0.9642372336487913,0.9514211060775297,0.9778421987093204
MATLAB,Doses 1–2,0.24999999999999997,21,0.9534426958699368,0.9399296252074159,0.9669280017580552
MATLAB,Doses 1–2,0.24999999999999997,22,0.9434443258444469,0.9297193096179425,0.9576270602184227
MATLAB,Doses 1–2,0.24999999999999997,23,0.9362257063741191,0.9223113217699671,0.9509881931783893
MATLAB,Doses 1–2,0.24999999999999997,24,0.9295357727954912,0.9152724505531155,0.944708985674673
MATLAB,Doses 1–2,0.24999999999999997,25,0.9222690375095545,0.9077690554934336,0.9375523942749733
MATLAB,Doses 1–2,0.24999999999999997,26,0.916210542375734,0.9014098354829583,0.9314382057011419
MATLAB,Doses 1–2,0.24999999999999997,27,0.9107066818788543,0.896155778188558,0.9261439678118474
MATLAB,Doses 1–2,0.24999999999999997,28,0.9055926157954461,0.8907664368811269,0.9213346270386178
MATLAB,Doses 1–2,0.24999999999999997,29,0.8996403762472615,0.8844296103312167,0.9160196032442457
MATLAB,Doses 1–2,0.24999999999999997,30,0.894948520884886,0.8798177052066295,0.9114328672649058
MATLAB,Doses 1–2,0.24999999999999997,31,0.8910360535297502,0.8751319953402995,0.9073198962558718
MATLAB,Doses 1–2,0.24999999999999997,32,0.8876350159707155,0.8719565370642559,0.9039528477122732
MATLAB,Doses 1–2,0.24999999999999997,33,0.8839095319910291,0.8677536787641454,0.9007510452087936
MATLAB,Doses 1–2,0.24999999999999997,34,0.8807080286491661,0.8648050680410915,0.8970871505339605
MATLAB,Doses 1–2,0.24999999999999997,35,0.8779758110393348,0.8619314325344333,0.8944054091901449
MATLAB,Doses 1–2,0.24999999999999997,36,0.8748672010194851,0.8585194202072496,0.8912584261251749
MATLAB,Doses 1–2,0.24999999999999997,37,0.8723586940162072,0.8557069428776582,0.8887274443896231
MATLAB,Doses 1–2,0.24999999999999997,38,0.8697192792668431,0.8527959223502641,0.8866960871139626
MATLAB,Doses 1–2,0.24999999999999997,39,0.8671485871633221,0.8502797471162608,0.8843538107516284
MATLAB,Doses 1–2,0.24999999999999997,40,0.8649506393982559,0.8479443117982706,0.882052799050748
MATLAB,Doses 1–2,0.24999999999999997,41,0.862702778553369,0.8456372585889915,0.879860980522391
MATLAB,Doses 1–2,0.24999999999999997,42,0.8604341187854925,0.8430974068715871,0.8777963161203426
MATLAB,Doses 1–2,0.24999999999999997,43,0.8577028840199233,0.8401394643518175,0.8752142106552456
MATLAB,Doses 1–2,0.24999999999999997,44,0.8553882231966666,0.837828480014723,0.8734019774411309
MATLAB,Doses 1–2,0.24999999999999997,45,0.8531254852657315,0.8358572707548481,0.8710181353555457
MATLAB,Doses 1–2,0.24999999999999997,46,0.8511245719417092,0.8336761610107668,0.8690868102548465
MATLAB,Doses 1–2,0.24999999999999997,47,0.8495960961184582,0.8321133057298904,0.8677018653590368
MATLAB,Doses 1–2,0.24999999999999997,48,0.847966217754181,0.8304031299317151,0.8661983514363908
MATLAB,Doses 1–2,0.24999999999999997,49,0.8465459573547314,0.8287899590759872,0.8647482863245118
MATLAB,Doses 1–2,0.24999999999999997,50,0.8448704685795464,0.8273222645906654,0.8630454103015877
MATLAB,Doses 1–2,0.24999999999999997,51,0.8434503465702913,0.8257045252796045,0.8617549553767511
MATLAB,Doses 1–2,0.24999999999999997,52,0.8418240761429717,0.8237224597973528,0.8604052176465943
MATLAB,Doses 1–2,0.24999999999999997,53,0.8402166141961206,0.8222210297080056,0.8588334921151438
MATLAB,Doses 1–2,0.24999999999999997,54,0.8390012730585167,0.8207728471070909,0.8576298342888039
MATLAB,Doses 1–2,0.24999999999999997,55,0.837409591202421,0.8192888720681656,0.8560768715968617
MATLAB,Doses 1–2,0.24999999999999997,56,0.8360206971654693,0.8177910764987799,0.8545425981819156
MATLAB,Doses 1–2,0.24999999999999997,57,0.834659994105339,0.8163788648541327,0.8534713914794674
MATLAB,Doses 1–2,0.24999999999999997,58,0.8332144028443537,0.8151374036782435,0.8523720996543411
MATLAB,Doses 1–2,0.24999999999999997,59,0.8317043878959004,0.8136689250183919,0.8511367485713366
MATLAB,Doses 1–2,0.24999999999999997,60,0.8306893855914507,0.8126500489139011,0.8499164762720292
MATLAB,Doses 1–2,0.24999999999999997,61,0.829399600703423,0.8111750120585897,0.8489418939118932
MATLAB,Doses 1–2,0.24999999999999997,62,0.8280735419099919,0.8097323886963729,0.847705351441766
MATLAB,Doses 1–2,0.24999999999999997,63,0.8269290245445828,0.8086770440188792,0.8464345982433981
MATLAB,Doses 1–2,0.24999999999999997,64,0.8258781342233499,0.8075614248870419,0.8456684756268184
MATLAB,Doses 1–2,0.24999999999999997,65,0.8247552442974592,0.8064600086613306,0.8444908682172146
MATLAB,Doses 1–2,0.24999999999999997,66,0.8233791112005973,0.8048233437461861,0.843216164325875
MATLAB,Doses 1–2,0.24999999999999997,67,0.8222214100102099,0.8035738788042183,0.841991196028445
MATLAB,Doses 1–2,0.24999999999999997,68,0.8212492226217026,0.8024226644041409,0.8414001416807452
MATLAB,Doses 1–2,0.24999999999999997,69,0.8203183458447127,0.8014693383289393,0.8406321323406754
MATLAB,Doses 1–2,0.24999999999999997,70,0.8195379605914307,0.8005683156495577,0.8400324194346762
MATLAB,Doses 1–2,0.24999999999999997,71,0.8186584540330613,0.7996650045844435,0.838994277632009
MATLAB,Doses 1–2,0.24999999999999997,72,0.8178777786317091,0.7984611474582209,0.838309156332756
MATLAB,Doses 1–2,0.24999999999999997,73,0.8167049427386058,0.797392214914827,0.8369193080219773
MATLAB,Doses 1–2,0.24999999999999997,74,0.815741331613352,0.7963191807824523,0.8359834011985846
MATLAB,Doses 1–2,0.24999999999999997,75,0.8143722963484391,0.794902011655969,0.8347938531218199
MATLAB,Doses 1–2,0.24999999999999997,76,0.813584054786252,0.7941314260493878,0.8341582391253842
MATLAB,Doses 1–2,0.24999999999999997,77,0.8126065569114298,0.7926489678221285,0.8333222083903922
MATLAB,Doses 1–2,0.24999999999999997,78,0.8116216664022644,0.7915870026047219,0.8322281265683444
MATLAB,Doses 1–2,0.24999999999999997,79,0.8108595517308841,0.7908174409448181,0.8312524864476696
MATLAB,Doses 1–2,0.24999999999999997,80,0.8099919900091747,0.789854765210433,0.8303436024126577
MATLAB,Doses 1–2,0.24999999999999997,81,0.8092013250034641,0.7891664733955439,0.8295700536233257
MATLAB,Doses 1–2,0.24999999999999997,82,0.8083612186400148,0.788271224413131,0.828793014055531
MATLAB,Doses 1–2,0.24999999999999997,83,0.8077212159502033,0.7874547855225391,0.8282728391691454
MATLAB,Doses 1–2,0.24999999999999997,84,0.8070751382129469,0.7868548444991662,0.8277051102443158
MATLAB,Doses 1–2,0.24999999999999997,85,0.8064536743057227,0.7862647538684353,0.8271992561151068
MATLAB,Doses 1–2,0.24999999999999997,86,0.8053616188109036,0.7852840736067193,0.826075242526346
MATLAB,Doses 1–2,0.24999999999999997,87,0.8044926047304672,0.7844569974281769,0.8252434275523481
MATLAB,Doses 1–2,0.24999999999999997,88,0.8038117752584991,0.7837179239614195,0.8247237841708422
MATLAB,Doses 1–2,0.24999999999999997,89,0.8030046058294716,0.7829134043185996,0.823901080514779
MATLAB,Doses 1–2,0.24999999999999997,90,0.8023329850509979,0.7821061878591768,0.8233227782662659
MATLAB,Doses 1–2,0.24999999999999997,91,0.8015221528362795,0.7813124950653401,0.8225109298692808
MATLAB,Doses 1–2,0.24999999999999997,92,0.8009069461786859,0.7806097573671107,0.8220942942064816
MATLAB,Doses 1–2,0.24999999999999997,93,0.8004115776731653,0.7801889602359232,0.8216525783893395
MATLAB,Doses 1–2,0.24999999999999997,94,0.7999701496930194,0.7799335943904806,0.8211890234214431
MATLAB,Doses 1–2,0.24999999999999997,95,0.7993625495770423,0.7792573745548087,0.8205080220162578
MATLAB,Doses 1–2,0.24999999999999997,96,0.7988413922595159,0.7788042315986435,0.8199717280260324
MATLAB,Doses 1–2,0.24999999999999997,97,0.79826166097114,0.7781040943732525,0.8194555026486577
MATLAB,Doses 1–2,0.24999999999999997,98,0.7976920219909421,0.777505446294504,0.8191321633924945
MATLAB,Doses 1–2,0.24999999999999997,99,0.796857800817874,0.7764699962222105,0.8183451161020662
MATLAB,Doses 1–2,0.24999999999999997,100,0.7963882727185972,0.7759971508511555,0.8178572548903954
MATLAB,Doses 2–3,0.25,1,,,
MATLAB,Doses 2–3,0.25,2,,,
MATLAB,Doses 2–3,0.25,3,1.7167728210315,1.7167728210314774,1.716772821031478
MATLAB,Doses 2–3,0.25,4,1.7167728210315,1.7167728210314774,1.716772821031478
MATLAB,Doses 2–3,0.25,5,1.7167728210315,1.7167728210314774,1.716772821031478
MATLAB,Doses 2–3,0.25,6,1.7167728210315,1.7167728210314774,1.716772821031478
MATLAB,Doses 2–3,0.25,7,1.7167728210315,1.7167728210314774,1.716772821031478
MATLAB,Doses 2–3,0.25,8,1.4231194483978549,1.4070288526370873,1.4382043819235353
MATLAB,Doses 2–3,0.25,9,1.3070865350641707,1.2932936332698395,1.3198815081106652
MATLAB,Doses 2–3,0.25,10,1.257666636753905,1.2441721456011385,1.2717868908351508
MATLAB,Doses 2–3,0.25,11,1.1904802295964736,1.177710813199651,1.2035904935109687
MATLAB,Doses 2–3,0.25,12,1.14946754889935,1.1356850624836843,1.1634487275641514
MATLAB,Doses 2–3,0.25,13,1.099626085984058,1.0865713364865672,1.1135526714357256
MATLAB,Doses 2–3,0.25,14,1.0620314362392915,1.0481363073054357,1.0763773500796205
MATLAB,Doses 2–3,0.25,15,1.0258904177333823,1.0113246780773477,1.0412539110450396
MATLAB,Doses 2–3,0.25,16,0.9964635113850151,0.9814436583905491,1.011992930057731
MATLAB,Doses 2–3,0.25,17,0.9720864556046541,0.9564138753358394,0.9884373871114613
MATLAB,Doses 2–3,0.25,18,0.9511047413389994,0.935118242261392,0.9677176863604513
MATLAB,Doses 2–3,0.25,19,0.9312280857234145,0.9148435786290984,0.9488709060946883
MATLAB,Doses 2–3,0.25,20,0.9166917742551993,0.9002804333474298,0.9351845255008542
MATLAB,Doses 2–3,0.25,21,0.9044900891120187,0.887357509057647,0.9234519297353495
MATLAB,Doses 2–3,0.25,22,0.89229755625302,0.8751355794843859,0.9112410390324008
MATLAB,Doses 2–3,0.25,23,0.8806390638918232,0.8625632946107005,0.8999670455570074
MATLAB,Doses 2–3,0.25,24,0.8715207175803361,0.8524610575476359,0.8918434318486175
MATLAB,Doses 2–3,0.25,25,0.8621741810844064,0.8426706844266811,0.8827095167513324
MATLAB,Doses 2–3,0.25,26,0.8550399583103492,0.8353937193838493,0.8756783662171489
MATLAB,Doses 2–3,0.25,27,0.8468352980180773,0.8267306465657605,0.8680034100050816
MATLAB,Doses 2–3,0.25,28,0.8409383117378879,0.8206896658633674,0.8621724776463159
MATLAB,Doses 2–3,0.25,29,0.8357762766636789,0.8148359343010001,0.8572062778058422
MATLAB,Doses 2–3,0.25,30,0.8305844345455627,0.8097457738868431,0.8524033516167449
MATLAB,Doses 2–3,0.25,31,0.825445935825279,0.8044300555667742,0.8475593344945572
MATLAB,Doses 2–3,0.25,32,0.8208619509296401,0.7998136311445988,0.8432518059275541
MATLAB,Doses 2–3,0.25,33,0.8154903230173527,0.7941191169415536,0.83844537153958
MATLAB,Doses 2–3,0.25,34,0.8110000877531159,0.7893047970240494,0.8342599611237205
MATLAB,Doses 2–3,0.25,35,0.806382054766492,0.7845703833620469,0.8299802218028773
MATLAB,Doses 2–3,0.25,36,0.8021770578793992,0.7801332794447118,0.8261584074836134
MATLAB,Doses 2–3,0.25,37,0.7981677309563796,0.7758477991392481,0.8225256902584813
MATLAB,Doses 2–3,0.25,38,0.794835531473929,0.7724169970091014,0.8192703846739621
MATLAB,Doses 2–3,0.25,39,0.791680099391912,0.7690225045451498,0.8161751870716397
MATLAB,Doses 2–3,0.25,40,0.7886461592762991,0.7657162740911456,0.8133344349998612
MATLAB,Doses 2–3,0.25,41,0.7858258992245274,0.7629190530899383,0.8106854982905058
MATLAB,Doses 2–3,0.25,42,0.7832856314281471,0.7602902278062732,0.8082671154821486
MATLAB,Doses 2–3,0.25,43,0.7805088711593143,0.757362210715309,0.8055173264342201
MATLAB,Doses 2–3,0.25,44,0.7780035426075464,0.7547527814201187,0.8031477953697144
MATLAB,Doses 2–3,0.25,45,0.7754109050927427,0.752052499195377,0.8007591965796169
MATLAB,Doses 2–3,0.25,46,0.7730587467790793,0.7497203154573759,0.7984801661865387
MATLAB,Doses 2–3,0.25,47,0.7708098590803082,0.7474470394152983,0.796362899327528
MATLAB,Doses 2–3,0.25,48,0.7684051454014863,0.7447480837565479,0.794007091577879
MATLAB,Doses 2–3,0.25,49,0.7664637834712557,0.7426357231969337,0.7922290800668602
MATLAB,Doses 2–3,0.25,50,0.7646805112876699,0.7405797810866604,0.790588061292502
MATLAB,Doses 2–3,0.25,51,0.7628429674023065,0.7384983030694893,0.7888369611366182
MATLAB,Doses 2–3,0.25,52,0.7607648227590336,0.7364837110567592,0.7868181598266659
MATLAB,Doses 2–3,0.25,53,0.7591865408090176,0.7348148585221685,0.7854164135371307
MATLAB,Doses 2–3,0.25,54,0.7576313198585235,0.7331876790762996,0.7839224285900666
MATLAB,Doses 2–3,0.25,55,0.7559890025543778,0.7314993007961879,0.7823803910363388
MATLAB,Doses 2–3,0.25,56,0.7544571684411863,0.7300406417634648,0.780948367424597
MATLAB,Doses 2–3,0.25,57,0.7528825235046308,0.7283891215596379,0.779412602565667
MATLAB,Doses 2–3,0.25,58,0.7513200829969142,0.7267529587333452,0.7778442272790619
MATLAB,Doses 2–3,0.25,59,0.7499538100055362,0.7253792025005942,0.7766442286618085
MATLAB,Doses 2–3,0.25,60,0.7486567004185132,0.7240444591757045,0.7753849499304287
MATLAB,Doses 2–3,0.25,61,0.7474235464487025,0.7227076337845252,0.7742669419262727
MATLAB,Doses 2–3,0.25,62,0.7462901746432536,0.721504211398211,0.7731813221249252
MATLAB,Doses 2–3,0.25,63,0.7451180268142531,0.7203437674225373,0.7721430622793741
MATLAB,Doses 2–3,0.25,64,0.7439963530790051,0.7191333337923919,0.7709660088928706
MATLAB,Doses 2–3,0.25,65,0.7428225475568816,0.71774127959129,0.7699269729546068
MATLAB,Doses 2–3,0.25,66,0.7417369831535585,0.7166387102962956,0.7689910581069471
MATLAB,Doses 2–3,0.25,67,0.7405354113081046,0.7154528919487642,0.7679609789886028
MATLAB,Doses 2–3,0.25,68,0.7395365116591801,0.7143629352695046,0.7669722495027111
MATLAB,Doses 2–3,0.25,69,0.7385083901870055,0.7132993041690215,0.7660609784955243
MATLAB,Doses 2–3,0.25,70,0.737536082569185,0.7124248364830919,0.765146029259259
MATLAB,Doses 2–3,0.25,71,0.7365275403659258,0.7115079637477797,0.7641341256187028
MATLAB,Doses 2–3,0.25,72,0.7354831391238628,0.7104264875570341,0.7632372365789748
MATLAB,Doses 2–3,0.25,73,0.734643963927026,0.7094345818943013,0.7624706889736457
MATLAB,Doses 2–3,0.25,74,0.7337489236885573,0.7084952152591332,0.7616436355521623
MATLAB,Doses 2–3,0.25,75,0.7329193216547266,0.7075757980607413,0.7608481958194564
MATLAB,Doses 2–3,0.25,76,0.7320482006037342,0.7066765442263966,0.7600460514205737
MATLAB,Doses 2–3,0.25,77,0.7313167752274988,0.7059146044671627,0.7594331712870025
MATLAB,Doses 2–3,0.25,78,0.73049397101764,0.7050344374070768,0.7586657136046234
MATLAB,Doses 2–3,0.25,79,0.7296603353531224,0.7040652685956692,0.7578764609361264
MATLAB,Doses 2–3,0.25,80,0.7288868786216126,0.7032897375958592,0.7571790706512744
MATLAB,Doses 2–3,0.25,81,0.7281247619906889,0.7025413873897347,0.7564757183229912
MATLAB,Doses 2–3,0.25,82,0.7274135417984754,0.7018009428433609,0.7558653394894433
MATLAB,Doses 2–3,0.25,83,0.7267267864454248,0.7010999784579616,0.7552285460273067
MATLAB,Doses 2–3,0.25,84,0.7259986003986522,0.7003250663601633,0.7545136604474688
MATLAB,Doses 2–3,0.25,85,0.725262787420494,0.6994775695360808,0.7538357172049731
MATLAB,Doses 2–3,0.25,86,0.724559889992109,0.6987165097994056,0.7531899893667133
MATLAB,Doses 2–3,0.25,87,0.7238960265335328,0.6980299857196863,0.7525268522233161
MATLAB,Doses 2–3,0.25,88,0.7232732497621159,0.697357972726461,0.751952966717776
MATLAB,Doses 2–3,0.25,89,0.7225982225918549,0.6966481926078172,0.7513100095851609
MATLAB,Doses 2–3,0.25,90,0.7220066544428585,0.6959962410651988,0.7508044666961192
MATLAB,Doses 2–3,0.25,91,0.7214238062733436,0.6953153035107416,0.7502539327756473
MATLAB,Doses 2–3,0.25,92,0.7208305370813755,0.6947121040321581,0.7497097699692269
MATLAB,Doses 2–3,0.25,93,0.7201702830325496,0.693991420953532,0.7490808691444064
MATLAB,Doses 2–3,0.25,94,0.7195303951369426,0.6933115331442823,0.7484538205117783
MATLAB,Doses 2–3,0.25,95,0.718975309895623,0.6927836932333502,0.7479313912675767
MATLAB,Doses 2–3,0.25,96,0.7184746416664796,0.6922228729339904,0.7474299431054413
MATLAB,Doses 2–3,0.25,97,0.717920783259753,0.6915342398888831,0.7469055458924264
MATLAB,Doses 2–3,0.25,98,0.7173493796012173,0.6908985686684445,0.7463513970844562
MATLAB,Doses 2–3,0.25,99,0.7168024679484256,0.6902919509748914,0.7458155906046776
MATLAB,Doses 2–3,0.25,100,0.7162316660816307,0.6896765438898572,0.7452646637010988
Reference,Doses 1–2,0.24999999999999997,1,,,
Reference,Doses 1–2,0.24999999999999997,2,,,
Reference,Doses 1–2,0.24999999999999997,3,2.4730289771112397,2.473028977111217,2.4730289771112184
Reference,Doses 1–2,0.24999999999999997,4,2.7385872070541843,2.7385872070542034,2.738587207054205
Reference,Doses 1–2,0.24999999999999997,5,2.912355523960437,2.9123555239604637,2.912355523960465
Reference,Doses 1–2,0.24999999999999997,6,3.040308869138548,3.0403088691384945,3.040308869138496
Reference,Doses 1–2,0.24999999999999997,7,3.140987466856929,3.140987466856921,3.140987466856922
Reference,Doses 1–2,0.24999999999999997,8,3.1193251266268858,3.1079948763455794,3.132071658193413
Reference,Doses 1–2,0.24999999999999997,9,3.107125375484754,3.09120570789621,3.1258839311675004
Reference,Doses 1–2,0.24999999999999997,10,3.1067654824248647,3.087225522116947,3.128264237426091
Reference,Doses 1–2,0.24999999999999997,11,3.0960481238212307,3.0727316479305595,3.1187806091555665
Reference,Doses 1–2,0.24999999999999997,12,3.0938618833881653,3.0685910053389813,3.118611146835268
Reference,Doses 1–2,0.24999999999999997,13,3.0813973770597363,3.0545048635231185,3.109032816369456
Reference,Doses 1–2,0.24999999999999997,14,3.072454887217913,3.0434151983835287,3.1029290944844203
Reference,Doses 1–2,0.24999999999999997,15,3.073205545476105,3.042616546034769,3.104543650044424
Reference,Doses 1–2,0.24999999999999997,16,3.0688975730148984,3.0370875893242557,3.1014162996683856
Reference,Doses 1–2,0.24999999999999997,17,3.0645555389418484,3.0303296431700524,3.099022266809182
Reference,Doses 1–2,0.24999999999999997,18,3.0541622605913776,3.0206346259113404,3.089071476860627
Reference,Doses 1–2,0.24999999999999997,19,3.040742165597773,3.0047985150883805,3.0779599680906498
Reference,Doses 1–2,0.24999999999999997,20,3.02759155340798,2.991702632901266,3.0652840720666448
Reference,Doses 1–2,0.24999999999999997,21,3.022526499044602,2.9867505591742765,3.062651172757758
Reference,Doses 1–2,0.24999999999999997,22,3.0133276896818235,2.9770909554340643,3.054300679142603
Reference,Doses 1–2,0.24999999999999997,23,3.010713485781453,2.974137314013766,3.0526732941809365
Reference,Doses 1–2,0.24999999999999997,24,3.0112379660231507,2.972031996893865,3.0540078683024587
Reference,Doses 1–2,0.24999999999999997,25,3.011118095691,2.9727682431050986,3.05509543367679
Reference,Doses 1–2,0.24999999999999997,26,3.0118466703409754,2.9721291449127833,3.055602342078884
Reference,Doses 1–2,0.24999999999999997,27,3.013326204411555,2.9731241318893,3.057859243852422
Reference,Doses 1–2,0.24999999999999997,28,3.0137342288104914,2.9731424688854466,3.0603231024015454
Reference,Doses 1–2,0.24999999999999997,29,3.016245311687298,2.9747745879430956,3.062881922077381
Reference,Doses 1–2,0.24999999999999997,30,3.0187084678252103,2.9772984758914824,3.0665706347885258
Reference,Doses 1–2,0.24999999999999997,31,3.0228158160761183,2.981325506404668,3.0703279492225604
Reference,Doses 1–2,0.24999999999999997,32,3.0228037550952123,2.9809038704320256,3.0700520971029723
Reference,Doses 1–2,0.24999999999999997,33,3.0240190490248002,2.980943749093582,3.070948185061493
Reference,Doses 1–2,0.24999999999999997,34,3.026469534577167,2.9832565805681974,3.072277319227159
Reference,Doses 1–2,0.24999999999999997,35,3.0303389120024478,2.987338186450608,3.0772565411317934
Reference,Doses 1–2,0.24999999999999997,36,3.0333590214255626,2.9891397029595974,3.0811926495484245
Reference,Doses 1–2,0.24999999999999997,37,3.0339501816993213,2.989752098820839,3.082048117991778
Reference,Doses 1–2,0.24999999999999997,38,3.0361700311442505,2.991293720230549,3.0844162294858046
Reference,Doses 1–2,0.24999999999999997,39,3.0381529372494804,2.992979349002901,3.087749212372987
Reference,Doses 1–2,0.24999999999999997,40,3.039125579205153,2.9926453528193653,3.089056619085977
Reference,Doses 1–2,0.24999999999999997,41,3.040006241011742,2.994358052937448,3.09111588158766
Reference,Doses 1–2,0.24999999999999997,42,3.0424915928916816,2.9972368407244274,3.0935040179504334
Reference,Doses 1–2,0.24999999999999997,43,3.0425016159386544,2.996289356800537,3.094079657309811
Reference,Doses 1–2,0.24999999999999997,44,3.044437776099212,2.99685782333525,3.097224681400704
Reference,Doses 1–2,0.24999999999999997,45,3.045163594713574,2.9961683776240986,3.098243376484668
Reference,Doses 1–2,0.24999999999999997,46,3.043936574084694,2.99451628176192,3.0961568322425004
Reference,Doses 1–2,0.24999999999999997,47,3.0447634624408297,2.994734687568715,3.0971734363183745
Reference,Doses 1–2,0.24999999999999997,48,3.0429137363552003,2.9931486759308705,3.096647351432777
Reference,Doses 1–2,0.24999999999999997,49,3.0427671360442923,2.992877918921058,3.097376528492426
Reference,Doses 1–2,0.24999999999999997,50,3.0430132371406557,2.9933249365715144,3.0985931916358123
Reference,Doses 1–2,0.24999999999999997,51,3.0419125082278153,2.9913461012551563,3.097890827423993
Reference,Doses 1–2,0.24999999999999997,52,3.0408726336118623,2.989960544909278,3.0985336600683775
Reference,Doses 1–2,0.24999999999999997,53,3.0409451907688543,2.990116871981828,3.0978390710344943
Reference,Doses 1–2,0.24999999999999997,54,3.0423316309449233,2.9908283717565407,3.099003321329747
Reference,Doses 1–2,0.24999999999999997,55,3.043816313279906,2.9918398444205576,3.101537741328361
Reference,Doses 1–2,0.24999999999999997,56,3.04567906919926,2.99412335909106,3.1038627813451054
Reference,Doses 1–2,0.24999999999999997,57,3.046473541560825,2.9957614975655127,3.10506816388223
Reference,Doses 1–2,0.24999999999999997,58,3.047301960021938,2.9961054796397546,3.105350238191842
Reference,Doses 1–2,0.24999999999999997,59,3.047661400352463,2.995211452792362,3.1065461428480448
Reference,Doses 1–2,0.24999999999999997,60,3.048427536899593,2.996069293287888,3.1080662598583846
Reference,Doses 1–2,0.24999999999999997,61,3.049405157832608,2.9964680044060623,3.109570672367986
Reference,Doses 1–2,0.24999999999999997,62,3.051343892588172,2.997600009312149,3.1115939339290364
Reference,Doses 1–2,0.24999999999999997,63,3.0519949223160188,2.998930456022716,3.1129629978078373
Reference,Doses 1–2,0.24999999999999997,64,3.053813590343893,3.0003597305559064,3.1147754182919356
Reference,Doses 1–2,0.24999999999999997,65,3.0539200414859953,2.9996931628511776,3.113664476426036
Reference,Doses 1–2,0.24999999999999997,66,3.0540824437414837,2.9988387804389744,3.1144897881129703
Reference,Doses 1–2,0.24999999999999997,67,3.053335287984195,2.998056565253602,3.1136472012290284
Reference,Doses 1–2,0.24999999999999997,68,3.0544375050275865,2.997982140094405,3.114500484240759
Reference,Doses 1–2,0.24999999999999997,69,3.056471697487339,2.9996926277096714,3.1162179203178813
Reference,Doses 1–2,0.24999999999999997,70,3.0571569910595864,2.9995534966292996,3.1180728903712343
Reference,Doses 1–2,0.24999999999999997,71,3.058136481562621,3.00141661667565,3.1190824648283875
Reference,Doses 1–2,0.24999999999999997,72,3.0580385266607317,3.0011871813907396,3.119487312987764
Reference,Doses 1–2,0.24999999999999997,73,3.0579852395589793,3.00107607852737,3.1196357526923437
Reference,Doses 1–2,0.24999999999999997,74,3.058497427145669,3.001184667058589,3.120825004826262
Reference,Doses 1–2,0.24999999999999997,75,3.0599076336301523,3.0019536620717844,3.121945840396104
Reference,Doses 1–2,0.24999999999999997,76,3.0611580649181587,3.002872780684286,3.123234243585362
Reference,Doses 1–2,0.24999999999999997,77,3.0624787486836014,3.0040585435369387,3.124696618678945
Reference,Doses 1–2,0.24999999999999997,78,3.0636721344863753,3.004439103103727,3.126783485414118
Reference,Doses 1–2,0.24999999999999997,79,3.0634639842214124,3.003744526127352,3.1278698575391832
Reference,Doses 1–2,0.24999999999999997,80,3.062517586479918,3.002396427480187,3.1262936739687612
Reference,Doses 1–2,0.24999999999999997,81,3.063297184257716,3.0033760739401427,3.127518526825161
Reference,Doses 1–2,0.24999999999999997,82,3.064097554300849,3.0041757621122773,3.1291624977163277
Reference,Doses 1–2,0.24999999999999997,83,3.0653889090111677,3.0047234792396127,3.1306205899093507
Reference,Doses 1–2,0.24999999999999997,84,3.06657292732529,3.0062319455080755,3.131806178153609
Reference,Doses 1–2,0.24999999999999997,85,3.0675764739151883,3.0076118537606304,3.1327945846951284
Reference,Doses 1–2,0.24999999999999997,86,3.068941905502115,3.0087965936067578,3.1347020060656208
Reference,Doses 1–2,0.24999999999999997,87,3.070958410289812,3.0105507689274686,3.1369843453312414
Reference,Doses 1–2,0.24999999999999997,88,3.070692039835605,3.0105032788105093,3.1378073352819302
Reference,Doses 1–2,0.24999999999999997,89,3.071099410765761,3.0101910407479107,3.1386547939193155
Reference,Doses 1–2,0.24999999999999997,90,3.072497669421155,3.0114042506093917,3.140470817253986
Reference,Doses 1–2,0.24999999999999997,91,3.0735745480821284,3.012265717687358,3.1418839749998804
Reference,Doses 1–2,0.24999999999999997,92,3.0753827684089265,3.01380354970261,3.1439435730978396
Reference,Doses 1–2,0.24999999999999997,93,3.077074359004341,3.0151964221043066,3.145398777675066
Reference,Doses 1–2,0.24999999999999997,94,3.0782998452867605,3.01641328401639,3.147157917046897
Reference,Doses 1–2,0.24999999999999997,95,3.079325977334387,3.0174747947826934,3.147989103970206
Reference,Doses 1–2,0.24999999999999997,96,3.081184989350226,3.0193676133891905,3.150221029279626
Reference,Doses 1–2,0.24999999999999997,97,3.081891489087876,3.01964624279125,3.1509958935587474
Reference,Doses 1–2,0.24999999999999997,98,3.082970528211223,3.02052938171486,3.1527834824084984
Reference,Doses 1–2,0.24999999999999997,99,3.083764867061847,3.0208543594372808,3.1532392541671808
Reference,Doses 1–2,0.24999999999999997,100,3.084863503783088,3.0215400582090557,3.1542130042406593
Reference,Doses 2–3,0.25,1,,,
Reference,Doses 2–3,0.25,2,,,
Reference,Doses 2–3,0.25,3,,,
Reference,Doses 2–3,0.25,4,2.7385872070541843,2.7385872070542034,2.7385872070542048
Reference,Doses 2–3,0.25,5,2.912355523960437,2.912355523960463,2.9123555239604637
Reference,Doses 2–3,0.25,6,3.040308869138548,3.0403088691384945,3.040308869138496
Reference,Doses 2–3,0.25,7,3.140987466856929,3.140987466856921,3.140987466856922
Reference,Doses 2–3,0.25,8,2.948899278645163,2.9351967572112025,2.963062091496857
Reference,Doses 2–3,0.25,9,2.851184954560642,2.8309688629916203,2.8724127520674934
Reference,Doses 2–3,0.25,10,2.767977153734686,2.743086824604687,2.7944901163345763
Reference,Doses 2–3,0.25,11,2.6947084060280777,2.6669344192780384,2.7236428369248555
Reference,Doses 2–3,0.25,12,2.6514880732106922,2.620584205914379,2.6838644926437527
Reference,Doses 2–3,0.25,13,2.596094582761341,2.5634387869088218,2.6303529426446675
Reference,Doses 2–3,0.25,14,2.5602121976859076,2.525686421218201,2.59627447939244
Reference,Doses 2–3,0.25,15,2.5296010982580617,2.4934418943737233,2.5693121270525574
Reference,Doses 2–3,0.25,16,2.4978860307164745,2.4588270550169637,2.53896220139925
Reference,Doses 2–3,0.25,17,2.4658609553653497,2.425573783227227,2.5074081410742326
Reference,Doses 2–3,0.25,18,2.4461687111659054,2.404623817276206,2.4902353686442633
Reference,Doses 2–3,0.25,19,2.416473597248083,2.3733105375160783,2.4606831732243206
Reference,Doses 2–3,0.25,20,2.392718495362989,2.348381609783884,2.4390690366517362
Reference,Doses 2–3,0.25,21,2.3770079839077543,2.332033779175622,2.4246713027039886
Reference,Doses 2–3,0.25,22,2.3568954114265868,2.309320780573449,2.4059100144740806
Reference,Doses 2–3,0.25,23,2.3446108730035053,2.2973686803767426,2.394214176716347
Reference,Doses 2–3,0.25,24,2.334408428386586,2.2855816966209903,2.3858884402008704
Reference,Doses 2–3,0.25,25,2.32430415434114,2.2746103626813707,2.377247870494605
Reference,Doses 2–3,0.25,26,2.3132800396478066,2.262550854409337,2.3667813238345463
Reference,Doses 2–3,0.25,27,2.305088762736534,2.2557118004899386,2.357957030971288
Reference,Doses 2–3,0.25,28,2.2985112327614217,2.248271929036422,2.351329051719014
Reference,Doses 2–3,0.25,29,2.291909813578753,2.2413379084041054,2.3470979426814527
Reference,Doses 2–3,0.25,30,2.2854748066731645,2.233288690783311,2.3417028923257583
Reference,Doses 2–3,0.25,31,2.2800486410342176,2.226867205876169,2.3362916150554445
Reference,Doses 2–3,0.25,32,2.27467780676865,2.220825772282635,2.3320244029703567
Reference,Doses 2–3,0.25,33,2.2692328476254744,2.2149478796379767,2.327171931621523
Reference,Doses 2–3,0.25,34,2.264858439682183,2.209489340055197,2.322975910488794
Reference,Doses 2–3,0.25,35,2.2620349422494774,2.2060826027504534,2.3206518416678685
Reference,Doses 2–3,0.25,36,2.258488662367041,2.2026792962384443,2.317717619008939
Reference,Doses 2–3,0.25,37,2.2540979464107225,2.1986522149090453,2.3140573625350362
Reference,Doses 2–3,0.25,38,2.25106686719567,2.1951302946551046,2.3108482651679396
Reference,Doses 2–3,0.25,39,2.2489033705471666,2.1926686160441435,2.3092336532450948
Reference,Doses 2–3,0.25,40,2.2460826481224063,2.1886404849000884,2.3081512154635426
Reference,Doses 2–3,0.25,41,2.2426764377282256,2.183699819453879,2.30663500896117
Reference,Doses 2–3,0.25,42,2.240988261505842,2.182240670405785,2.305115347976129
Reference,Doses 2–3,0.25,43,2.2386735295112445,2.179020862495991,2.3028634809269555
Reference,Doses 2–3,0.25,44,2.2372337486516054,2.178255132960652,2.301755545435693
Reference,Doses 2–3,0.25,45,2.2354958687236968,2.175360447629886,2.3008332695925064
Reference,Doses 2–3,0.25,46,2.231861203554417,2.170263351384679,2.2981266052606864
Reference,Doses 2–3,0.25,47,2.2290254913275707,2.1670667999601996,2.294393704057858
Reference,Doses 2–3,0.25,48,2.2264043266352176,2.164088658074997,2.2924223867491413
Reference,Doses 2–3,0.25,49,2.2237775940101994,2.1609132088412513,2.2901338483584426
Reference,Doses 2–3,0.25,50,2.221198014252088,2.1584039064334317,2.288064349416236
Reference,Doses 2–3,0.25,51,2.219284503791655,2.156306306952639,2.28693887530534
Reference,Doses 2–3,0.25,52,2.21770561447301,2.1544920355029076,2.2856264750581072
Reference,Doses 2–3,0.25,53,2.2160045261950176,2.152229848678935,2.2825567251656973
Reference,Doses 2–3,0.25,54,2.215237424965952,2.1507564896295257,2.2816882518180406
Reference,Doses 2–3,0.25,55,2.2141200002257007,2.149550726231375,2.2804675973459543
Reference,Doses 2–3,0.25,56,2.2134010793260774,2.14863657151799,2.2794627237254708
Reference,Doses 2–3,0.25,57,2.2120888104678733,2.146809052512539,2.278072768368903
Reference,Doses 2–3,0.25,58,2.211160549122075,2.14469069082321,2.2777763266852773
Reference,Doses 2–3,0.25,59,2.210277825837058,2.1431467710247145,2.2782319474330834
Reference,Doses 2–3,0.25,60,2.209762665195172,2.1422945615367603,2.2788823965950122
Reference,Doses 2–3,0.25,61,2.208972907518806,2.141477659729185,2.278925670593522
Reference,Doses 2–3,0.25,62,2.2086995985381095,2.141102738071144,2.2793993834665294
Reference,Doses 2–3,0.25,63,2.2083333763400286,2.140353484522561,2.278837906722086
Reference,Doses 2–3,0.25,64,2.20848705954346,2.1401802649651134,2.2788813476420544
Reference,Doses 2–3,0.25,65,2.207476893188804,2.1388933304971545,2.2786937082216143
Reference,Doses 2–3,0.25,66,2.20656987258878,2.137590677817549,2.278269486508107
Reference,Doses 2–3,0.25,67,2.205603891871112,2.13654715602001,2.277665444717022
Reference,Doses 2–3,0.25,68,2.205254585523061,2.135930720993656,2.2775132779760474
Reference,Doses 2–3,0.25,69,2.2052457150120275,2.1356104938196583,2.2773857817857435
Reference,Doses 2–3,0.25,70,2.203340060634135,2.133082650863474,2.2756088828165457
Reference,Doses 2–3,0.25,71,2.2035093144468676,2.133139067195416,2.275902733956504
Reference,Doses 2–3,0.25,72,2.203358585319237,2.1331970519822514,2.2756340697112396
Reference,Doses 2–3,0.25,73,2.2024353408379413,2.1323359477965274,2.2745397374937837
Reference,Doses 2–3,0.25,74,2.2014100265204206,2.130929581456649,2.273944761534671
Reference,Doses 2–3,0.25,75,2.2006896621046037,2.1297199497913826,2.2738718037997003
Reference,Doses 2–3,0.25,76,2.2000245291373695,2.128883044514882,2.2729710684279913
Reference,Doses 2–3,0.25,77,2.199430696618263,2.1280574593435007,2.27321967659752
Reference,Doses 2–3,0.25,78,2.199339657653507,2.1274622311638165,2.2737083800439724
Reference,Doses 2–3,0.25,79,2.1985687546430026,2.12658598342525,2.272527004789871
Reference,Doses 2–3,0.25,80,2.1979937327559393,2.125830250294614,2.2718939066593147
Reference,Doses 2–3,0.25,81,2.197198882973135,2.1242733138309746,2.2714775528874442
Reference,Doses 2–3,0.25,82,2.1967926547104955,2.1239822666388815,2.2718937054874155
Reference,Doses 2–3,0.25,83,2.1965640490675775,2.123404634088792,2.2721626593203297
Reference,Doses 2–3,0.25,84,2.196179572692693,2.1224896831423123,2.272482377960116
Reference,Doses 2–3,0.25,85,2.1954128360610428,2.1215780316494697,2.27212651918512
Reference,Doses 2–3,0.25,86,2.195029770502273,2.1213882061180986,2.271861338427308
Reference,Doses 2–3,0.25,87,2.195198272889117,2.1215123853903513,2.2725805769931657
Reference,Doses 2–3,0.25,88,2.193589667448486,2.1189745740747368,2.270837541695274
Reference,Doses 2–3,0.25,89,2.193208383660362,2.118064172454896,2.2703360223123554
Reference,Doses 2–3,0.25,90,2.1933800628685733,2.1181560135986475,2.2702916003486835
Reference,Doses 2–3,0.25,91,2.193360622333087,2.117833050849829,2.2702795862839196
Reference,Doses 2–3,0.25,92,2.193554423381082,2.1179512739372752,2.270493120550048
Reference,Doses 2–3,0.25,93,2.193999445044415,2.1182782743166464,2.2709227452551524
Reference,Doses 2–3,0.25,94,2.1943261111627423,2.118327581851745,2.271389452490823
Reference,Doses 2–3,0.25,95,2.19436834213037,2.1177721197146178,2.2719710755724076
Reference,Doses 2–3,0.25,96,2.1949931693987095,2.118192206058737,2.272683523762349
Reference,Doses 2–3,0.25,97,2.195126485301058,2.118260414855994,2.272410782798397
Reference,Doses 2–3,0.25,98,2.1950277395529243,2.117846259389614,2.2725706152580787
Reference,Doses 2–3,0.25,99,2.1951414632982824,2.117856215699215,2.272891934220453
Reference,Doses 2–3,0.25,100,2.1952741751115346,2.118054669464559,2.2733273825340548
Descending,Doses 1–2,0.24999999999999997,1,,,
Descending,Doses 1–2,0.24999999999999997,2,,,
Descending,Doses 1–2,0.24999999999999997,3,2.4730289771112397,2.473028977111217,2.4730289771112184
Descending,Doses 1–2,0.24999999999999997,4,2.7385872070541843,2.7385872070542034,2.738587207054205
Descending,Doses 1–2,0.24999999999999997,5,2.912355523960437,2.9123555239604637,2.912355523960465
Descending,Doses 1–2,0.24999999999999997,6,3.040308869138548,3.0403088691384945,3.040308869138496
Descending,Doses 1–2,0.24999999999999997,7,3.140987466856929,3.140987466856921,3.140987466856922
Descending,Doses 1–2,0.24999999999999997,8,3.090055313400109,3.076836688071913,3.10374603249008
Descending,Doses 1–2,0.24999999999999997,9,3.05808585882137,3.0394308899684668,3.0768385254704342
Descending,Doses 1–2,0.24999999999999997,10,3.0326020300288037,3.0116942071496258,3.0542197818207057
Descending,Doses 1–2,0.24999999999999997,11,3.014541561028708,2.991552203907,3.038151376539006
Descending,Doses 1–2,0.24999999999999997,12,2.975070887293843,2.9485168023584256,3.000558919157585
Descending,Doses 1–2,0.24999999999999997,13,2.9711846347898123,2.9428340401348985,2.9986608949674904
Descending,Doses 1–2,0.24999999999999997,14,2.9551465953026272,2.926594382800593,2.9840134383031636
Descending,Doses 1–2,0.24999999999999997,15,2.948379656249281,2.917993317841907,2.979098005700232
Descending,Doses 1–2,0.24999999999999997,16,2.938580954468053,2.9084216911262466,2.9701837683767702
Descending,Doses 1–2,0.24999999999999997,17,2.9316226457122023,2.901374402167843,2.9628839382443464
Descending,Doses 1–2,0.24999999999999997,18,2.9211055887431687,2.890975135620647,2.952081342552133
Descending,Doses 1–2,0.24999999999999997,19,2.9129196845150873,2.8814783188445325,2.944403984564197
Descending,Doses 1–2,0.24999999999999997,20,2.9075444166072684,2.876812006674149,2.9409195879196965
Descending,Doses 1–2,0.24999999999999997,21,2.9026806757493415,2.8707633323998536,2.9362696393020995
Descending,Doses 1–2,0.24999999999999997,22,2.898264479998471,2.867016731064906,2.931503184771055
Descending,Doses 1–2,0.24999999999999997,23,2.897293932433897,2.8656183063246887,2.9309759844831094
Descending,Doses 1–2,0.24999999999999997,24,2.900031477626143,2.8670136792134686,2.933753811309418
Descending,Doses 1–2,0.24999999999999997,25,2.8979163075488192,2.8646218337385156,2.9321908259280125
Descending,Doses 1–2,0.24999999999999997,26,2.899533917973815,2.8662064176933173,2.934214222087596
Descending,Doses 1–2,0.24999999999999997,27,2.8965188446062875,2.863137164109453,2.9300792862927976
Descending,Doses 1–2,0.24999999999999997,28,2.8964605137734756,2.863044142710441,2.929630146420164
Descending,Doses 1–2,0.24999999999999997,29,2.8967131509505015,2.8635015880221806,2.929797426202522
Descending,Doses 1–2,0.24999999999999997,30,2.89757083861878,2.863684479608821,2.930225120032783
Descending,Doses 1–2,0.24999999999999997,31,2.8973682944185035,2.8629994192291024,2.930476826772734
Descending,Doses 1–2,0.24999999999999997,32,2.893714082168929,2.859711819251702,2.9266440846742254
Descending,Doses 1–2,0.24999999999999997,33,2.8960991479666647,2.8619536071435605,2.9294129964825646
Descending,Doses 1–2,0.24999999999999997,34,2.896383224897192,2.8628188952837355,2.9299208655750375
Descending,Doses 1–2,0.24999999999999997,35,2.8968572047687555,2.8628325401990975,2.9292569876030585
Descending,Doses 1–2,0.24999999999999997,36,2.8975635920542517,2.863841325858099,2.929900996463744
Descending,Doses 1–2,0.24999999999999997,37,2.897643812885875,2.864550897644343,2.9299699533458137
Descending,Doses 1–2,0.24999999999999997,38,2.896760060257443,2.8635064518877544,2.92986520423378
Descending,Doses 1–2,0.24999999999999997,39,2.897964781387987,2.864031109186735,2.9315621322296663
Descending,Doses 1–2,0.24999999999999997,40,2.897880410224542,2.8641524421028888,2.931280430881482
Descending,Doses 1–2,0.24999999999999997,41,2.89905903555192,2.864799702253873,2.9317114639347257
Descending,Doses 1–2,0.24999999999999997,42,2.8974360264910715,2.8631098168452334,2.9298936364401276
Descending,Doses 1–2,0.24999999999999997,43,2.8976592004362427,2.8635827434794705,2.930691325469109
Descending,Doses 1–2,0.24999999999999997,44,2.8975857348508325,2.863933027725954,2.930138273435934
Descending,Doses 1–2,0.24999999999999997,45,2.8961907647503486,2.862614442382634,2.928930925853833
Descending,Doses 1–2,0.24999999999999997,46,2.894229258011868,2.8607581459196854,2.9268476512072588
Descending,Doses 1–2,0.24999999999999997,47,2.895088198390672,2.8617893157104692,2.927089851456125
Descending,Doses 1–2,0.24999999999999997,48,2.8946726870057513,2.861064042131714,2.9270100138391157
Descending,Doses 1–2,0.24999999999999997,49,2.8947801845754464,2.8617920271966426,2.9271953980514493
Descending,Doses 1–2,0.24999999999999997,50,2.8956211805693344,2.86175511875786,2.9279790955250626
Descending,Doses 1–2,0.24999999999999997,51,2.89719605992818,2.8627442117024278,2.929388344727762
Descending,Doses 1–2,0.24999999999999997,52,2.8984291253780636,2.8640102156211973,2.9299235896221063
Descending,Doses 1–2,0.24999999999999997,53,2.898091475353648,2.863381212214291,2.929599901450086
Descending,Doses 1–2,0.24999999999999997,54,2.8982520984404734,2.863603722199504,2.9302580026613123
Descending,Doses 1–2,0.24999999999999997,55,2.89901799303564,2.8646616028609464,2.930979220363433
Descending,Doses 1–2,0.24999999999999997,56,2.8998547470357727,2.865707733148145,2.931928182745538
Descending,Doses 1–2,0.24999999999999997,57,2.900540529958935,2.866082085962215,2.932604399063674
Descending,Doses 1–2,0.24999999999999997,58,2.8991691258931307,2.865121415022458,2.931792070286353
Descending,Doses 1–2,0.24999999999999997,59,2.899464080188024,2.8652719061119227,2.93201052796481
Descending,Doses 1–2,0.24999999999999997,60,2.8999044216214576,2.8652812377931083,2.9318230167233796
Descending,Doses 1–2,0.24999999999999997,61,2.900984406975394,2.8654828856245396,2.933078248709226
Descending,Doses 1–2,0.24999999999999997,62,2.9019488900563792,2.866531477128466,2.93449367622047
Descending,Doses 1–2,0.24999999999999997,63,2.902381820096923,2.8670567386930177,2.934975615855203
Descending,Doses 1–2,0.24999999999999997,64,2.903140009321483,2.8679228606270035,2.935553589142984
Descending,Doses 1–2,0.24999999999999997,65,2.904599570407179,2.868735246853911,2.936516762033856
Descending,Doses 1–2,0.24999999999999997,66,2.904964226194858,2.869161560140346,2.9375497628284695
Descending,Doses 1–2,0.24999999999999997,67,2.9050959215105574,2.869620469631693,2.9377765099665205
Descending,Doses 1–2,0.24999999999999997,68,2.905089065536664,2.8703633815088594,2.93836421695816
Descending,Doses 1–2,0.24999999999999997,69,2.905993752109383,2.8712026401815645,2.9389482873951045
Descending,Doses 1–2,0.24999999999999997,70,2.9061637993222256,2.8715243444990364,2.9390375540867817
Descending,Doses 1–2,0.24999999999999997,71,2.906707469109776,2.871888967099791,2.9393934874838568
Descending,Doses 1–2,0.24999999999999997,72,2.905807671540778,2.870972835521856,2.9388796917227036
Descending,Doses 1–2,0.24999999999999997,73,2.905440155796512,2.87056502527957,2.9388360529394735
Descending,Doses 1–2,0.24999999999999997,74,2.905128427736854,2.8707910176809346,2.9383747597174885
Descending,Doses 1–2,0.24999999999999997,75,2.905031588740976,2.870919465022908,2.937986151890675
Descending,Doses 1–2,0.24999999999999997,76,2.9051916913941427,2.8709507479185996,2.9381085873934545
Descending,Doses 1–2,0.24999999999999997,77,2.9056238206808565,2.8716223519498647,2.9383979774457996
Descending,Doses 1–2,0.24999999999999997,78,2.9047757605231594,2.870704701786511,2.937110607544843
Descending,Doses 1–2,0.24999999999999997,79,2.905320595367755,2.8715841174315817,2.9379832710809994
Descending,Doses 1–2,0.24999999999999997,80,2.905909818089222,2.872453994093706,2.9383208553477793
Descending,Doses 1–2,0.24999999999999997,81,2.9066130814749207,2.8729508704763393,2.939589557949964
Descending,Doses 1–2,0.24999999999999997,82,2.9079431863816225,2.87396950721278,2.9413477693294343
Descending,Doses 1–2,0.24999999999999997,83,2.9076475040505545,2.87373347895293,2.9407902070267067
Descending,Doses 1–2,0.24999999999999997,84,2.9070906895518913,2.8734000437926768,2.940939057229996
Descending,Doses 1–2,0.24999999999999997,85,2.907325410661362,2.8738358189704187,2.940904348367198
Descending,Doses 1–2,0.24999999999999997,86,2.9081076170537994,2.8742311646301375,2.942213741807022
Descending,Doses 1–2,0.24999999999999997,87,2.9091607458099893,2.8757359439923036,2.9427342723238743
Descending,Doses 1–2,0.24999999999999997,88,2.909561780385929,2.8758538500660125,2.9433461557669123
Descending,Doses 1–2,0.24999999999999997,89,2.908307917609441,2.8749659466380786,2.9415597781255656
Descending,Doses 1–2,0.24999999999999997,90,2.9078592043197005,2.8751451628548312,2.9418749379404567
Descending,Doses 1–2,0.24999999999999997,91,2.9081224225857305,2.875581334010158,2.9426538042269113
Descending,Doses 1–2,0.24999999999999997,92,2.908668234890353,2.87559456521483,2.943546526786504
Descending,Doses 1–2,0.24999999999999997,93,2.9092873638655345,2.8763636250806055,2.9438742494233856
Descending,Doses 1–2,0.24999999999999997,94,2.9097964899330053,2.876973520509262,2.944493306191751
Descending,Doses 1–2,0.24999999999999997,95,2.90935563596099,2.876354761798905,2.943590519838876
Descending,Doses 1–2,0.24999999999999997,96,2.9100957446970446,2.8771021142531636,2.944479992019909
Descending,Doses 1–2,0.24999999999999997,97,2.9113485631898426,2.8782796906842982,2.9459445407788936
Descending,Doses 1–2,0.24999999999999997,98,2.9120062524474863,2.8790205846230523,2.9465593391575884
Descending,Doses 1–2,0.24999999999999997,99,2.912411980889014,2.879471622237181,2.946042910436476
Descending,Doses 1–2,0.24999999999999997,100,2.913553691179997,2.8807479115860612,2.946933602412733
Descending,Doses 2–3,0.25,1,,,
Descending,Doses 2–3,0.25,2,,,
Descending,Doses 2–3,0.25,3,,,
Descending,Doses 2–3,0.25,4,2.7385872070541843,2.7385872070542034,2.7385872070542048
Descending,Doses 2–3,0.25,5,2.912355523960437,2.912355523960463,2.9123555239604637
Descending,Doses 2–3,0.25,6,3.040308869138548,3.0403088691384945,3.040308869138496
Descending,Doses 2–3,0.25,7,3.140987466856929,3.140987466856921,3.140987466856922
Descending,Doses 2–3,0.25,8,2.8979131523791595,2.8846945270509674,2.9120759652308568
Descending,Doses 2–3,0.25,9,2.7360158719756638,2.717239029293555,2.7541624900348967
Descending,Doses 2–3,0.25,10,2.6015624998477604,2.5811419761717644,2.621918981585504
Descending,Doses 2–3,0.25,11,2.4922500393134692,2.470323795298568,2.513122895905649
Descending,Doses 2–3,0.25,12,2.380811669168033,2.3586543491639373,2.404050045130377
Descending,Doses 2–3,0.25,13,2.3061361410041488,2.285055490771222,2.3291946671617723
Descending,Doses 2–3,0.25,14,2.2422915739635925,2.2204531299083423,2.2653032866119456
Descending,Doses 2–3,0.25,15,2.183789891760907,2.1618849922269927,2.207576383025709
Descending,Doses 2–3,0.25,16,2.1281818854539556,2.107563838118777,2.1524288528629882
Descending,Doses 2–3,0.25,17,2.081150778970118,2.0597993110034096,2.1052539454126973
Descending,Doses 2–3,0.25,18,2.031029654383645,2.009062465091945,2.0549075644005206
Descending,Doses 2–3,0.25,19,1.9901093716018288,1.9684250025957604,2.0136396343823377
Descending,Doses 2–3,0.25,20,1.952594104448286,1.9303648064368442,1.9760615377146908
Descending,Doses 2–3,0.25,21,1.918932124531123,1.8975425272813178,1.9435889254788006
Descending,Doses 2–3,0.25,22,1.8894709565359677,1.8675197255551181,1.9141483300975914
Descending,Doses 2–3,0.25,23,1.8633386014925488,1.8407992636465558,1.8871733687344119
Descending,Doses 2–3,0.25,24,1.8420541726185535,1.8195835590164315,1.8656250098291476
Descending,Doses 2–3,0.25,25,1.8180551495663897,1.7958852101657754,1.8410067776085868
Descending,Doses 2–3,0.25,26,1.7979503154272138,1.7756075527560724,1.8211096206896706
Descending,Doses 2–3,0.25,27,1.7755499177337173,1.7526142770546675,1.7992068528564371
Descending,Doses 2–3,0.25,28,1.75683893029731,1.7334103982976303,1.7808354381649134
Descending,Doses 2–3,0.25,29,1.7392698419745896,1.7157591495387128,1.763108157567047
Descending,Doses 2–3,0.25,30,1.7237804900470175,1.7001095004123037,1.7480551069033905
Descending,Doses 2–3,0.25,31,1.7073513918314736,1.6832175595619736,1.7318586323855178
Descending,Doses 2–3,0.25,32,1.6886853629522192,1.66512295652339,1.7127597776316859
Descending,Doses 2–3,0.25,33,1.6765715445814737,1.653030927492015,1.701061447708843
Descending,Doses 2–3,0.25,34,1.662695482081277,1.6394920212397286,1.686569917626615
Descending,Doses 2–3,0.25,35,1.6486114865860693,1.6251210874348463,1.6722040098426838
Descending,Doses 2–3,0.25,36,1.6364882258778672,1.6132080551873649,1.6596310034224637
Descending,Doses 2–3,0.25,37,1.6226392195638146,1.5993325776560425,1.6460173930183692
Descending,Doses 2–3,0.25,38,1.6088288408802496,1.5856680667325718,1.6316020693212006
Descending,Doses 2–3,0.25,39,1.597272415135473,1.5739324300156436,1.6196061384245615
Descending,Doses 2–3,0.25,40,1.5855049467625302,1.5618669650961954,1.6082991940252427
Descending,Doses 2–3,0.25,41,1.5747992204708736,1.5510331202550134,1.59816282043429
Descending,Doses 2–3,0.25,42,1.5621755361907668,1.5385339015431254,1.585524647797185
Descending,Doses 2–3,0.25,43,1.551325135286805,1.5273333049538378,1.5743422078490348
Descending,Doses 2–3,0.25,44,1.54076983189881,1.5167034398510195,1.5640931053030587
Descending,Doses 2–3,0.25,45,1.5295747601282603,1.5052294691574968,1.552884431534581
Descending,Doses 2–3,0.25,46,1.5183317960174898,1.493656382128886,1.540751011869965
Descending,Doses 2–3,0.25,47,1.5095124042258774,1.4848703383264719,1.5321774236436088
Descending,Doses 2–3,0.25,48,1.5003854756128325,1.4759283922810695,1.5231003662754825
Descending,Doses 2–3,0.25,49,1.4916180657810776,1.4670179844596303,1.5142430245387586
Descending,Doses 2–3,0.25,50,1.4841658990247262,1.4594858960798047,1.5069143098085476
Descending,Doses 2–3,0.25,51,1.4776302346827637,1.45342284027119,1.5000736265329697
Descending,Doses 2–3,0.25,52,1.4710496113048148,1.4465752954742344,1.4939766547233724
Descending,Doses 2–3,0.25,53,1.4629360540407501,1.43853827401068,1.4859626155569243
Descending,Doses 2–3,0.25,54,1.4555597235659492,1.4311041019869608,1.4782526432907586
Descending,Doses 2–3,0.25,55,1.4486188429813933,1.4242642782713775,1.4715338178474078
Descending,Doses 2–3,0.25,56,1.4422451229694713,1.4177340685606865,1.4654054568945325
Descending,Doses 2–3,0.25,57,1.435967067151333,1.411287889674126,1.4590123570173832
Descending,Doses 2–3,0.25,58,1.428238550500949,1.4036089642165734,1.451398694945228
Descending,Doses 2–3,0.25,59,1.422254982435272,1.3979324460783409,1.4459718999986857
Descending,Doses 2–3,0.25,60,1.416026871640309,1.3919246867727049,1.439721123241057
Descending,Doses 2–3,0.25,61,1.4105910791906564,1.3861589378370738,1.433968131836432
Descending,Doses 2–3,0.25,62,1.4049868490583377,1.3801898231594385,1.428592588494943
Descending,Doses 2–3,0.25,63,1.3993677862985658,1.3745949017886867,1.4229237563075077
Descending,Doses 2–3,0.25,64,1.3943163735693656,1.3696112893751426,1.4177622164418453
Descending,Doses 2–3,0.25,65,1.389819478218569,1.3653369038779994,1.4137661257350138
Descending,Doses 2–3,0.25,66,1.3845701231207013,1.3602585070796889,1.4085814983370792
Descending,Doses 2–3,0.25,67,1.3791737830843573,1.3549356686107283,1.4032354639510864
Descending,Doses 2–3,0.25,68,1.3737012288954487,1.3498990747985031,1.397748032521535
Descending,Doses 2–3,0.25,69,1.3688954456657267,1.3450187567273695,1.393079292710462
Descending,Doses 2–3,0.25,70,1.3634465008539562,1.3396241341919235,1.3875146168679533
Descending,Doses 2–3,0.25,71,1.358923209197015,1.3352181823038733,1.3827967054062298
Descending,Doses 2–3,0.25,72,1.3529455967107535,1.3294128975609687,1.3765795410893575
Descending,Doses 2–3,0.25,73,1.3475430990988626,1.3240343910194827,1.37128894780532
Descending,Doses 2–3,0.25,74,1.3422295329054177,1.3190610032524255,1.365652760313871
Descending,Doses 2–3,0.25,75,1.3371682177544433,1.3137508226529404,1.3606705534114216
Descending,Doses 2–3,0.25,76,1.3323916218471783,1.3086539850384111,1.3555785245806855
Descending,Doses 2–3,0.25,77,1.328164048989711,1.3045847717242436,1.3516809965324568
Descending,Doses 2–3,0.25,78,1.3224801885776227,1.2988030572391513,1.3461063389362817
Descending,Doses 2–3,0.25,79,1.3183458535912416,1.295000026248767,1.3418672251559691
Descending,Doses 2–3,0.25,80,1.3143536728636198,1.2910856624516778,1.3375539307549924
Descending,Doses 2–3,0.25,81,1.3104202299550125,1.2871568374120026,1.334168105491937
Descending,Doses 2–3,0.25,82,1.3072744973599846,1.28392506296609,1.3303785175380545
Descending,Doses 2–3,0.25,83,1.302741122479577,1.2792163649367512,1.325890792811199
Descending,Doses 2–3,0.25,84,1.2979248420976057,1.274505566176647,1.321652875199794
Descending,Doses 2–3,0.25,85,1.2939012986987992,1.2702691927988297,1.3176130220819493
Descending,Doses 2–3,0.25,86,1.290679297401306,1.2670284057109253,1.3141797947792824
Descending,Doses 2–3,0.25,87,1.2876170028905507,1.2639211242346842,1.3111338781419062
Descending,Doses 2–3,0.25,88,1.2839522981183622,1.2603020808897571,1.3076978601882008
Descending,Doses 2–3,0.25,89,1.2786210793487647,1.2556207751015183,1.3021213012977308
Descending,Doses 2–3,0.25,90,1.2742920088080947,1.2512656994543008,1.2976661184020273
Descending,Doses 2–3,0.25,91,1.2707492432398912,1.2477124265335282,1.294203189735782
Descending,Doses 2–3,0.25,92,1.2675355699013338,1.2441205968816937,1.2910960326065208
Descending,Doses 2–3,0.25,93,1.2644133198599796,1.24119219741983,1.2882079571176073
Descending,Doses 2–3,0.25,94,1.2613163049934244,1.237924165354918,1.2853483622088244
Descending,Doses 2–3,0.25,95,1.2573436582091437,1.2337665792199626,1.2811541257617007
Descending,Doses 2–3,0.25,96,1.2546219030781303,1.2307820745825235,1.278265498262891
Descending,Doses 2–3,0.25,97,1.252367489231218,1.2286594560875963,1.275951320189701
Descending,Doses 2–3,0.25,98,1.2496153033227406,1.225499249061818,1.2736007187471667
Descending,Doses 2–3,0.25,99,1.2466440181808047,1.2230862455309905,1.2702694711827687
Descending,Doses 2–3,0.25,100,1.2444609403088753,1.2213077816170612,1.2682059002497739
Anchored,Dose 1 vs MTD,0.5,1,,,
Anchored,Dose 1 vs MTD,0.5,2,,,
Anchored,Dose 1 vs MTD,0.5,3,,,
Anchored,Dose 1 vs MTD,0.5,4,,,
Anchored,Dose 1 vs MTD,0.5,5,,,
Anchored,Dose 1 vs MTD,0.5,6,,,
Anchored,Dose 1 vs MTD,0.5,7,0.7852468667142313,0.7852468667142303,0.7852468667142304
Anchored,Dose 1 vs MTD,0.5,8,0.7653143984837671,0.7598853202239636,0.7702713829818526
Anchored,Dose 1 vs MTD,0.5,9,0.701298196256669,0.6922448766684813,0.7097897466814573
Anchored,Dose 1 vs MTD,0.5,10,0.6345972454401543,0.6265640547338364,0.6428962195659689
Anchored,Dose 1 vs MTD,0.5,11,0.5876835143607686,0.5785992190947811,0.5960585994159677
Anchored,Dose 1 vs MTD,0.5,12,0.6301824082100862,0.6183349617685646,0.641169870990136
Anchored,Dose 1 vs MTD,0.5,13,0.5648349619387149,0.5552424327947466,0.5744540342752417
Anchored,Dose 1 vs MTD,0.5,14,0.5784935771114409,0.5673258426516582,0.589336071514084
Anchored,Dose 1 vs MTD,0.5,15,0.5440828844156741,0.5343253746525255,0.5545655627243906
Anchored,Dose 1 vs MTD,0.5,16,0.529824251819701,0.5190470861996213,0.5401512527101291
Anchored,Dose 1 vs MTD,0.5,17,0.4995336310206696,0.48997064660306267,0.5091569106175008
Anchored,Dose 1 vs MTD,0.5,18,0.48235504742253815,0.47244764691028374,0.49142482120522424
Anchored,Dose 1 vs MTD,0.5,19,0.48877052610481736,0.4770782429009612,0.4994397622113115
Anchored,Dose 1 vs MTD,0.5,20,0.4601300597692057,0.4508293777909057,0.46886478795405867
Anchored,Dose 1 vs MTD,0.5,21,0.44861084419981023,0.43979800663027063,0.4577518102615245
Anchored,Dose 1 vs MTD,0.5,22,0.43874982566720466,0.42963055796881844,0.4483538316281944
Anchored,Dose 1 vs MTD,0.5,23,0.4299626810187736,0.4207225723279183,0.4383656326015092
Anchored,Dose 1 vs MTD,0.5,24,0.4106603843259198,0.402742178814549,0.4186118830240985
Anchored,Dose 1 vs MTD,0.5,25,0.39651147254705604,0.38859059244957384,0.4039977382850645
Anchored,Dose 1 vs MTD,0.5,26,0.385595159096523,0.37796818330664544,0.3927751653835792
Anchored,Dose 1 vs MTD,0.5,27,0.37385798215907334,0.3668387941356753,0.38047615409623703
Anchored,Dose 1 vs MTD,0.5,28,0.35799121847309234,0.3519613678354734,0.3638663967563958
Anchored,Dose 1 vs MTD,0.5,29,0.34953919427524927,0.34339406579106435,0.35558376854058005
Anchored,Dose 1 vs MTD,0.5,30,0.347653024997582,0.34120324365854937,0.3553130094425355
Anchored,Dose 1 vs MTD,0.5,31,0.34058912023420607,0.33443034319534126,0.34743015644669994
Anchored,Dose 1 vs MTD,0.5,32,0.33046837651644684,0.32473473197521324,0.3364817499811118
Anchored,Dose 1 vs MTD,0.5,33,0.32827203001994276,0.3219176495335734,0.33510433231288717
Anchored,Dose 1 vs MTD,0.5,34,0.3211956655668315,0.3153104648193227,0.32753573005441494
Anchored,Dose 1 vs MTD,0.5,35,0.31789089171801066,0.31186466829781473,0.3242949182141168
Anchored,Dose 1 vs MTD,0.5,36,0.31010762682934884,0.30480844923809586,0.3161904300382826
Anchored,Dose 1 vs MTD,0.5,37,0.3082570296473517,0.3022825260171344,0.3145527267478553
Anchored,Dose 1 vs MTD,0.5,38,0.3017767234948275,0.296234558327668,0.3073077160621079
Anchored,Dose 1 vs MTD,0.5,39,0.2993586604435725,0.2931762753931219,0.30546916581072897
Anchored,Dose 1 vs MTD,0.5,40,0.29246688872380316,0.28718056398959646,0.2977622015402246
Anchored,Dose 1 vs MTD,0.5,41,0.2875768340430668,0.28249248547933287,0.2931733047338628
Anchored,Dose 1 vs MTD,0.5,42,0.2853091491246685,0.2799237641307637,0.29072252783971114
Anchored,Dose 1 vs MTD,0.5,43,0.2826082029147419,0.2774709939637847,0.2882299776117408
Anchored,Dose 1 vs MTD,0.5,44,0.28187955652967683,0.27613596164571913,0.2882968045775755
Anchored,Dose 1 vs MTD,0.5,45,0.276366271872349,0.27134994265324563,0.28191221341945427
Anchored,Dose 1 vs MTD,0.5,46,0.2730652481972107,0.2680588097267969,0.27864397426751836
Anchored,Dose 1 vs MTD,0.5,47,0.26730754853349803,0.26287246517616164,0.27198105932606476
Anchored,Dose 1 vs MTD,0.5,48,0.2640156670106337,0.2597094572405835,0.26860871256299745
Anchored,Dose 1 vs MTD,0.5,49,0.2622503046150965,0.25754847491644134,0.26761508479165297
Anchored,Dose 1 vs MTD,0.5,50,0.2593715740982144,0.25490576471073156,0.26456931029720016
Anchored,Dose 1 vs MTD,0.5,51,0.25832427962329085,0.25344169806213673,0.2637032516680681
Anchored,Dose 1 vs MTD,0.5,52,0.25463635082137775,0.25021608632261505,0.2593798252567879
Anchored,Dose 1 vs MTD,0.5,53,0.2523811783606108,0.2481071647310638,0.25686309961431947
Anchored,Dose 1 vs MTD,0.5,54,0.24895544544428286,0.24507721978508076,0.2529730980725481
Anchored,Dose 1 vs MTD,0.5,55,0.24536164221122864,0.2418519608582485,0.2491385051014759
Anchored,Dose 1 vs MTD,0.5,56,0.24406540619214415,0.2400135643968899,0.24820487903560398
Anchored,Dose 1 vs MTD,0.5,57,0.24134644637958802,0.23742236050655283,0.2456252844249003
Anchored,Dose 1 vs MTD,0.5,58,0.24004142066140466,0.2360665448389363,0.24454900722026346
Anchored,Dose 1 vs MTD,0.5,59,0.23661174743903785,0.23300376614619078,0.24056162994325753
Anchored,Dose 1 vs MTD,0.5,60,0.23435894178560088,0.23067344286267813,0.23852044046835522
Anchored,Dose 1 vs MTD,0.5,61,0.23152235354545384,0.22808900443909436,0.2351786391151119
Anchored,Dose 1 vs MTD,0.5,62,0.2289105066645579,0.22555471515720255,0.23240155041508653
Anchored,Dose 1 vs MTD,0.5,63,0.22735998492960252,0.22366733543544726,0.2311680111864157
Anchored,Dose 1 vs MTD,0.5,64,0.22479776125479503,0.22131643624815298,0.2282761069805661
Anchored,Dose 1 vs MTD,0.5,65,0.22237685152801484,0.21912080684885568,0.22573429884330287
Anchored,Dose 1 vs MTD,0.5,66,0.22029374225380566,0.21708700701958203,0.2235721228203706
Anchored,Dose 1 vs MTD,0.5,67,0.21834194742477878,0.2153244925345173,0.2215529898756544
Anchored,Dose 1 vs MTD,0.5,68,0.21723135493843612,0.2140350247070517,0.22082053166626742
Anchored,Dose 1 vs MTD,0.5,69,0.21518463639408486,0.2123182390456199,0.21830760473381858
Anchored,Dose 1 vs MTD,0.5,70,0.21329092829364138,0.21045291795402019,0.21629303922912224
Anchored,Dose 1 vs MTD,0.5,71,0.2114340563772582,0.20864491538988544,0.21441584551288842
Anchored,Dose 1 vs MTD,0.5,72,0.21058319683013205,0.20738319345203227,0.21413655989811162
Anchored,Dose 1 vs MTD,0.5,73,0.2098011290502536,0.20643923954603627,0.21363008174533735
Anchored,Dose 1 vs MTD,0.5,74,0.20784296155637771,0.2047927432366234,0.21143976176733972
Anchored,Dose 1 vs MTD,0.5,75,0.20585683528736407,0.20311096751883392,0.2089814331690011
Anchored,Dose 1 vs MTD,0.5,76,0.20419834523788793,0.2015139824374471,0.20710411628652092
Anchored,Dose 1 vs MTD,0.5,77,0.20270304691035174,0.19997851900220115,0.2055984548073174
Anchored,Dose 1 vs MTD,0.5,78,0.2011933743526636,0.1985472531661625,0.2040119735562788
Anchored,Dose 1 vs MTD,0.5,79,0.1997106140940812,0.19714386005485374,0.20245663730036925
Anchored,Dose 1 vs MTD,0.5,80,0.1992408033689944,0.19636333944882783,0.20233994731443644
Anchored,Dose 1 vs MTD,0.5,81,0.1999746731027076,0.19615298111113258,0.20426270273339994
Anchored,Dose 1 vs MTD,0.5,82,0.19779015670657715,0.194634209837341,0.20132298633521437
Anchored,Dose 1 vs MTD,0.5,83,0.19616709603548466,0.19330624411069763,0.1993825813300706
Anchored,Dose 1 vs MTD,0.5,84,0.19477082481688476,0.19212086949867943,0.19780181671233688
Anchored,Dose 1 vs MTD,0.5,85,0.1942718716730768,0.19123033644851928,0.1976457700239269
Anchored,Dose 1 vs MTD,0.5,86,0.19263989556137204,0.18988682442484445,0.19556393788802887
Anchored,Dose 1 vs MTD,0.5,87,0.19142582978028475,0.18883450167204743,0.19422325081292455
Anchored,Dose 1 vs MTD,0.5,88,0.19028447405023655,0.18772495389444885,0.19309838524273287
Anchored,Dose 1 vs MTD,0.5,89,0.18901804884245843,0.18660614265029962,0.19175871513443918
Anchored,Dose 1 vs MTD,0.5,90,0.18888677586258357,0.18595664155818706,0.19216720513067198
Anchored,Dose 1 vs MTD,0.5,91,0.1874997095934219,0.18484622488834782,0.19045799574018915
Anchored,Dose 1 vs MTD,0.5,92,0.18619653907625552,0.18370198887961545,0.18906192571159952
Anchored,Dose 1 vs MTD,0.5,93,0.18524969731521893,0.18277350948162516,0.1881165737984589
Anchored,Dose 1 vs MTD,0.5,94,0.18421163367630627,0.1818264557740864,0.186910789442327
Anchored,Dose 1 vs MTD,0.5,95,0.18310185437169815,0.1807527928994053,0.18575002379997946
Anchored,Dose 1 vs MTD,0.5,96,0.18315700963499743,0.18007039435728278,0.18624913583610464
Anchored,Dose 1 vs MTD,0.5,97,0.18188157370099575,0.1790834559792323,0.18463425883941093
Anchored,Dose 1 vs MTD,0.5,98,0.18065371141349879,0.17802201567778517,0.1832938182005585
Anchored,Dose 1 vs MTD,0.5,99,0.18059630429782592,0.1775686338086616,0.1836276245049453
Anchored,Dose 1 vs MTD,0.5,100,0.17929855795746363,0.17665886938792494,0.18194156439404943
Anchored,Dose 2 vs MTD,0.25,1,,,
Anchored,Dose 2 vs MTD,0.25,2,,,
Anchored,Dose 2 vs MTD,0.25,3,,,
Anchored,Dose 2 vs MTD,0.25,4,,,
Anchored,Dose 2 vs MTD,0.25,5,,,
Anchored,Dose 2 vs MTD,0.25,6,,,
Anchored,Dose 2 vs MTD,0.25,7,1.5704937334284625,1.5704937334284605,1.5704937334284608
Anchored,Dose 2 vs MTD,0.25,8,1.5306287969675343,1.5197706404479272,1.5405427659637052
Anchored,Dose 2 vs MTD,0.25,9,1.402596392513338,1.3844897533369627,1.4195794933629147
Anchored,Dose 2 vs MTD,0.25,10,1.2691944908803086,1.2531281094676727,1.2857924391319377
Anchored,Dose 2 vs MTD,0.25,11,1.1753670287215372,1.1571984381895621,1.1921171988319355
Anchored,Dose 2 vs MTD,0.25,12,1.2603648164201724,1.2366699235371292,1.282339741980272
Anchored,Dose 2 vs MTD,0.25,13,1.1296699238774297,1.1104848655894932,1.1489080685504833
Anchored,Dose 2 vs MTD,0.25,14,1.1569871542228818,1.1346516853033164,1.178672143028168
Anchored,Dose 2 vs MTD,0.25,15,1.0881657688313482,1.068650749305051,1.1091311254487812
Anchored,Dose 2 vs MTD,0.25,16,1.059648503639402,1.0380941723992425,1.0803025054202582
Anchored,Dose 2 vs MTD,0.25,17,0.9990672620413392,0.9799412932061253,1.0183138212350016
Anchored,Dose 2 vs MTD,0.25,18,0.9647100948450763,0.9448952938205675,0.9828496424104485
Anchored,Dose 2 vs MTD,0.25,19,0.9775410522096347,0.9541564858019224,0.998879524422623
Anchored,Dose 2 vs MTD,0.25,20,0.9202601195384114,0.9016587555818114,0.9377295759081173
Anchored,Dose 2 vs MTD,0.25,21,0.8972216883996205,0.8795960132605413,0.915503620523049
Anchored,Dose 2 vs MTD,0.25,22,0.8774996513344093,0.8592611159376369,0.8967076632563888
Anchored,Dose 2 vs MTD,0.25,23,0.8599253620375472,0.8414451446558366,0.8767312652030184
Anchored,Dose 2 vs MTD,0.25,24,0.8213207686518396,0.805484357629098,0.837223766048197
Anchored,Dose 2 vs MTD,0.25,25,0.7930229450941121,0.7771811848991477,0.807995476570129
Anchored,Dose 2 vs MTD,0.25,26,0.771190318193046,0.7559363666132909,0.7855503307671584
Anchored,Dose 2 vs MTD,0.25,27,0.7477159643181467,0.7336775882713505,0.7609523081924741
Anchored,Dose 2 vs MTD,0.25,28,0.7159824369461847,0.7039227356709468,0.7277327935127916
Anchored,Dose 2 vs MTD,0.25,29,0.6990783885504985,0.6867881315821287,0.7111675370811601
Anchored,Dose 2 vs MTD,0.25,30,0.695306049995164,0.6824064873170987,0.710626018885071
Anchored,Dose 2 vs MTD,0.25,31,0.6811782404684121,0.6688606863906825,0.6948603128933999
Anchored,Dose 2 vs MTD,0.25,32,0.6609367530328937,0.6494694639504265,0.6729634999622236
Anchored,Dose 2 vs MTD,0.25,33,0.6565440600398855,0.6438352990671468,0.6702086646257743
Anchored,Dose 2 vs MTD,0.25,34,0.642391331133663,0.6306209296386454,0.6550714601088299
Anchored,Dose 2 vs MTD,0.25,35,0.6357817834360213,0.6237293365956295,0.6485898364282336
Anchored,Dose 2 vs MTD,0.25,36,0.6202152536586977,0.6096168984761917,0.6323808600765652
Anchored,Dose 2 vs MTD,0.25,37,0.6165140592947034,0.6045650520342688,0.6291054534957106
Anchored,Dose 2 vs MTD,0.25,38,0.603553446989655,0.592469116655336,0.6146154321242158
Anchored,Dose 2 vs MTD,0.25,39,0.598717320887145,0.5863525507862438,0.6109383316214579
Anchored,Dose 2 vs MTD,0.25,40,0.5849337774476063,0.5743611279791929,0.5955244030804492
Anchored,Dose 2 vs MTD,0.25,41,0.5751536680861336,0.5649849709586657,0.5863466094677257
Anchored,Dose 2 vs MTD,0.25,42,0.570618298249337,0.5598475282615274,0.5814450556794223
Anchored,Dose 2 vs MTD,0.25,43,0.5652164058294838,0.5549419879275694,0.5764599552234816
Anchored,Dose 2 vs MTD,0.25,44,0.5637591130593537,0.5522719232914383,0.576593609155151
Anchored,Dose 2 vs MTD,0.25,45,0.552732543744698,0.5426998853064913,0.5638244268389085
Anchored,Dose 2 vs MTD,0.25,46,0.5461304963944213,0.5361176194535938,0.5572879485350367
Anchored,Dose 2 vs MTD,0.25,47,0.5346150970669961,0.5257449303523233,0.5439621186521295
Anchored,Dose 2 vs MTD,0.25,48,0.5280313340212675,0.519418914481167,0.5372174251259949
Anchored,Dose 2 vs MTD,0.25,49,0.524500609230193,0.5150969498328827,0.5352301695833059
Anchored,Dose 2 vs MTD,0.25,50,0.5187431481964287,0.5098115294214631,0.5291386205944003
Anchored,Dose 2 vs MTD,0.25,51,0.5166485592465817,0.5068833961242735,0.5274065033361361
Anchored,Dose 2 vs MTD,0.25,52,0.5092727016427555,0.5004321726452301,0.5187596505135758
Anchored,Dose 2 vs MTD,0.25,53,0.5047623567212216,0.4962143294621276,0.5137261992286389
Anchored,Dose 2 vs MTD,0.25,54,0.4979108908885657,0.4901544395701615,0.5059461961450962
Anchored,Dose 2 vs MTD,0.25,55,0.4907232844224573,0.483703921716497,0.4982770102029518
Anchored,Dose 2 vs MTD,0.25,56,0.4881308123842883,0.4800271287937798,0.49640975807120796
Anchored,Dose 2 vs MTD,0.25,57,0.48269289275917604,0.47484472101310565,0.4912505688498006
Anchored,Dose 2 vs MTD,0.25,58,0.4800828413228093,0.4721330896778726,0.4890980144405269
Anchored,Dose 2 vs MTD,0.25,59,0.4732234948780757,0.46600753229238157,0.48112325988651505
Anchored,Dose 2 vs MTD,0.25,60,0.46871788357120175,0.46134688572535626,0.47704088093671043
Anchored,Dose 2 vs MTD,0.25,61,0.46304470709090767,0.4561780088781887,0.4703572782302238
Anchored,Dose 2 vs MTD,0.25,62,0.4578210133291158,0.4511094303144051,0.46480310083017307
Anchored,Dose 2 vs MTD,0.25,63,0.45471996985920504,0.4473346708708945,0.4623360223728314
Anchored,Dose 2 vs MTD,0.25,64,0.44959552250959006,0.44263287249630595,0.4565522139611322
Anchored,Dose 2 vs MTD,0.25,65,0.4447537030560297,0.43824161369771136,0.45146859768660574
Anchored,Dose 2 vs MTD,0.25,66,0.4405874845076113,0.43417401403916406,0.4471442456407412
Anchored,Dose 2 vs MTD,0.25,67,0.43668389484955755,0.4306489850690346,0.4431059797513088
Anchored,Dose 2 vs MTD,0.25,68,0.43446270987687224,0.4280700494141034,0.44164106333253483
Anchored,Dose 2 vs MTD,0.25,69,0.4303692727881697,0.4246364780912398,0.43661520946763716
Anchored,Dose 2 vs MTD,0.25,70,0.42658185658728276,0.42090583590804037,0.4325860784582445
Anchored,Dose 2 vs MTD,0.25,71,0.4228681127545164,0.4172898307797709,0.42883169102577684
Anchored,Dose 2 vs MTD,0.25,72,0.4211663936602641,0.41476638690406453,0.42827311979622323
Anchored,Dose 2 vs MTD,0.25,73,0.4196022581005072,0.41287847909207254,0.4272601634906747
Anchored,Dose 2 vs MTD,0.25,74,0.41568592311275543,0.4095854864732468,0.42287952353467945
Anchored,Dose 2 vs MTD,0.25,75,0.41171367057472813,0.40622193503766785,0.4179628663380022
Anchored,Dose 2 vs MTD,0.25,76,0.40839669047577587,0.4030279648748942,0.41420823257304185
Anchored,Dose 2 vs MTD,0.25,77,0.4054060938207035,0.3999570380044023,0.4111969096146348
Anchored,Dose 2 vs MTD,0.25,78,0.4023867487053272,0.397094506332325,0.4080239471125576
Anchored,Dose 2 vs MTD,0.25,79,0.3994212281881624,0.3942877201097075,0.4049132746007385
Anchored,Dose 2 vs MTD,0.25,80,0.3984816067379888,0.39272667889765567,0.4046798946288729
Anchored,Dose 2 vs MTD,0.25,81,0.3999493462054152,0.39230596222226516,0.4085254054667999
Anchored,Dose 2 vs MTD,0.25,82,0.3955803134131543,0.389268419674682,0.40264597267042873
Anchored,Dose 2 vs MTD,0.25,83,0.3923341920709693,0.38661248822139527,0.3987651626601412
Anchored,Dose 2 vs MTD,0.25,84,0.3895416496337695,0.38424173899735886,0.39560363342467375
Anchored,Dose 2 vs MTD,0.25,85,0.3885437433461536,0.38246067289703856,0.3952915400478538
Anchored,Dose 2 vs MTD,0.25,86,0.3852797911227441,0.3797736488496889,0.39112787577605773
Anchored,Dose 2 vs MTD,0.25,87,0.3828516595605695,0.37766900334409487,0.3884465016258491
Anchored,Dose 2 vs MTD,0.25,88,0.3805689481004731,0.3754499077888977,0.38619677048546575
Anchored,Dose 2 vs MTD,0.25,89,0.37803609768491686,0.37321228530059924,0.38351743026887836
Anchored,Dose 2 vs MTD,0.25,90,0.37777355172516713,0.3719132831163741,0.38433441026134396
Anchored,Dose 2 vs MTD,0.25,91,0.3749994191868438,0.36969244977669563,0.3809159914803783
Anchored,Dose 2 vs MTD,0.25,92,0.37239307815251105,0.3674039777592309,0.37812385142319904
Anchored,Dose 2 vs MTD,0.25,93,0.37049939463043785,0.3655470189632503,0.3762331475969178
Anchored,Dose 2 vs MTD,0.25,94,0.36842326735261255,0.3636529115481728,0.373821578884654
Anchored,Dose 2 vs MTD,0.25,95,0.3662037087433963,0.3615055857988106,0.3715000475999589
Anchored,Dose 2 vs MTD,0.25,96,0.36631401926999485,0.36014078871456556,0.3724982716722093
Anchored,Dose 2 vs MTD,0.25,97,0.3637631474019915,0.3581669119584646,0.36926851767882185
Anchored,Dose 2 vs MTD,0.25,98,0.36130742282699757,0.35604403135557033,0.366587636401117
Anchored,Dose 2 vs MTD,0.25,99,0.36119260859565183,0.3551372676173232,0.3672552490098906
Anchored,Dose 2 vs MTD,0.25,100,0.35859711591492727,0.3533177387758499,0.36388312878809886
