a_max,design,alloc_d1,alloc_d2,alloc_d3,alloc_d4,alloc_d5,alloc_d6,rec_d1,rec_d2,rec_d3,rec_d4,rec_d5,rec_d6,type1,type2
5,3 + 3,20.336633663366335,22.91089108910891,24.594059405940595,18.495049504950494,11.306930693069308,2.3564356435643563,3.9440000000000004,23.197000000000003,27.607,35.709999999999994,9.423,0.11900000000000001,,
5,CRM,0.008,0.121,1.883,26.891,70.947,0.15,0.008,0.121,1.883,26.891,70.947,0.15,0.11808510638297873,0.6718085106382978
5,UCB,8.854,12.584000000000001,19.579,19.758,19.691,19.534000000000002,1.028,1.92,41.094,46.389,7.391,2.178,1.4050531914893618,10.867021276595745
5,SEEDA,95.0,1.0,1.0,1.0,1.0,1.0,100.0,0.0,0.0,0.0,0.0,0.0,75.0,0.0
5,SEEDA Plateau,95.0,1.0,1.0,1.0,1.0,1.0,100.0,0.0,0.0,0.0,0.0,0.0,75.0,0.0
10,3 + 3,20.21110242376857,21.931196247068023,24.237685691946833,18.666927286942926,12.079749804534792,2.8733385457388585,3.6609999999999996,20.759,25.61,38.291,11.532,0.147,,
10,CRM,0.005,0.134,1.955,27.141,70.63000000000001,0.135,0.005,0.134,1.955,27.141,70.63000000000001,0.135,0.1502659574468085,0.7409574468085106
10,UCB,8.888,12.608,19.753999999999998,19.694,19.604,19.451999999999998,1.0170000000000001,1.9220000000000002,44.401,43.974000000000004,6.451,2.235,1.202659574468085,11.333510638297872
10,SEEDA,12.537999999999998,79.645,4.817,1.0,1.0,1.0,2.927,97.073,0.0,0.0,0.0,0.0,48.462765957446805,0.0
10,SEEDA Plateau,7.961,88.039,1.0,1.0,1.0,1.0,69.556,30.444,0.0,0.0,0.0,0.0,50.00930851063829,0.0
15,3 + 3,20.27375520730014,22.25748859353303,24.955365998809757,18.924816504661774,11.58500297560008,2.0035707200952193,3.5520000000000005,20.842,28.499000000000002,38.864,8.142000000000001,0.101,,
15,CRM,0.008,0.104,1.915,26.148,71.654,0.17099999999999999,0.008,0.104,1.915,26.148,71.654,0.17099999999999999,0.12234042553191489,0.8452127659574469
15,UCB,8.896999999999998,12.629000000000001,19.547,19.677,19.686,19.564,1.023,2.251,41.043,46.922999999999995,6.6739999999999995,2.086,1.1952127659574467,10.700531914893617
15,SEEDA,4.284000000000001,9.466,42.349,41.900999999999996,1.0,1.0,1.704,2.945,47.913,47.438,0.0,0.0,0.5321808510638298,0.0
15,SEEDA Plateau,2.311,5.564,24.881,65.244,1.0,1.0,1.87,1.966,89.764,6.4,0.0,0.0,0.6864361702127659,0.0
20,3 + 3,20.19325576809308,22.204693354367976,24.3738907513311,18.79313744823506,12.265825281009663,2.1691973969631237,4.532,20.092,26.269,39.231,9.766,0.11,,
20,CRM,0.002,0.11800000000000001,1.771,25.716,72.275,0.11800000000000001,0.002,0.11800000000000001,1.771,25.716,72.275,0.11800000000000001,0.08936170212765956,0.7037234042553192
20,UCB,8.913,12.604000000000001,19.692,19.529,19.587,19.675,1.006,2.027,43.391000000000005,44.599,6.691,2.286,1.1523936170212765,10.396276595744682
20,SEEDA,4.22,9.496,42.370000000000005,41.914,1.0,1.0,1.669,2.833,47.997,47.501,0.0,0.0,0.49680851063829784,0.0
20,SEEDA Plateau,2.2689999999999997,5.4030000000000005,23.399,66.929,1.0,1.0,1.729,2.001,90.874,5.396,0.0,0.0,0.6513297872340426,0.0
25,3 + 3,20.35833825556212,22.4847410907659,24.000787556605633,19.039180941130144,11.813349084465447,2.303603071470762,4.729,21.446,26.715,37.071,9.922,0.117,,
25,CRM,0.008,0.097,1.836,26.246000000000002,71.653,0.16,0.008,0.097,1.836,26.246000000000002,71.653,0.16,0.10585106382978723,0.8617021276595745
25,UCB,8.918,12.656,19.644000000000002,19.512,19.642,19.628,1.032,1.899,42.366,45.115,7.33,2.258,1.0555851063829786,11.514893617021277
25,SEEDA,4.207000000000001,9.577,42.211,41.544,1.461,1.0,1.725,2.855,47.957,47.463,0.0,0.0,0.47712765957446807,0.5159574468085106
25,SEEDA Plateau,2.278,5.697,24.990000000000002,65.035,1.0,1.0,1.8030000000000002,2.048,90.61200000000001,5.537,0.0,0.0,0.674468085106383,0.0
30,3 + 3,20.18584420719652,22.044286279161724,24.65401344404903,19.33570581257414,11.664689600632661,2.1154606563859235,4.621,19.978,28.477000000000004,38.211,8.606,0.107,,
30,CRM,0.005,0.099,1.8259999999999998,25.796999999999997,72.125,0.148,0.005,0.099,1.8259999999999998,25.796999999999997,72.125,0.148,0.11941489361702126,0.6920212765957447
30,UCB,8.871,12.635,19.489,19.735,19.646,19.624,1.0250000000000001,2.2560000000000002,42.132,45.586,6.712999999999999,2.2880000000000003,1.2595744680851064,10.669148936170213
30,SEEDA,4.2250000000000005,9.397,39.079,38.712,7.587000000000001,1.0,1.662,2.996,45.027,45.846,4.469,0.0,0.6127659574468085,7.295212765957447
30,SEEDA Plateau,2.554,6.5600000000000005,28.012999999999998,55.25,6.622999999999999,1.0,2.021,1.992,80.943,12.919,2.125,0.0,0.8037234042553191,5.198404255319149
40,3 + 3,20.502671680189984,22.442113595883633,24.71798931327924,18.721551553532557,11.478329705125669,2.137344151988917,3.372,22.694,27.229,37.623,8.974,0.108,,
40,CRM,0.006,0.11,1.9349999999999998,25.491999999999997,72.309,0.148,0.006,0.11,1.9349999999999998,25.491999999999997,72.309,0.148,0.12819148936170213,0.6952127659574467
40,UCB,8.907,12.623000000000001,19.648,19.682,19.521,19.619,1.0170000000000001,2.265,43.167,44.477,6.861000000000001,2.213,1.1686170212765956,11.193085106382979
40,SEEDA,4.148000000000001,9.200999999999999,38.205,39.175,7.503,1.7680000000000002,1.7610000000000001,2.876,43.952000000000005,46.72,4.691,0.0,0.6289893617021276,8.724468085106384
40,SEEDA Plateau,2.5420000000000003,6.433,28.175,55.848,6.002,1.0,2.0660000000000003,2.164,81.864,11.749,2.157,0.0,0.865691489361702,4.758510638297872
None,3 + 3,20.44514477053378,22.257238526688987,24.18751231041954,19.22395115225527,11.424069332282844,2.4620839078195784,4.153,20.189,29.207,35.952,10.374,0.125,,
None,CRM,0.008,0.11,1.884,25.409,72.404,0.185,0.008,0.11,1.884,25.409,72.404,0.185,0.1348404255319149,0.8063829787234044
None,UCB,8.906,12.57,19.634,19.742,19.552,19.596,1.009,1.923,42.51,45.016,7.3020000000000005,2.2399999999999998,1.2470744680851065,11.10744680851064
None,SEEDA,4.1129999999999995,9.103,38.345,38.177,7.6770000000000005,2.585,1.82,3.102,44.449,44.547,4.3229999999999995,1.7590000000000001,0.749468085106383,10.772340425531915
None,SEEDA Plateau,2.4250000000000003,6.334,28.235,55.198,6.053,1.755,1.994,2.008,79.712,10.109,5.116,1.061,0.7933510638297873,8.005851063829788
