misspecified,design,accuracy,stratified,n_scenarios,mean_patients,sd_across_scenarios,ci_lo,ci_hi,censored_frac,gap
False,UCB,0.0,False,100,21.0,0.0,21.0,21.0,0.0,
False,UCB,0.1,False,100,26.52,14.57719264654705,24.7185,29.7615,0.01,
False,UCB,0.2,False,100,35.4,24.01514673549326,31.7385,40.3815,0.01,
False,UCB,0.3,False,100,95.28,117.08048513736182,73.3785,119.406,0.19,
False,UCB,0.4,False,100,156.03,160.52385549138228,124.46325,186.78825,0.29,
False,UCB,0.5,False,100,246.87,173.99231696726255,211.4925,282.9315,0.54,
False,UCB,0.6,False,100,328.05,169.78027243790993,296.9655,359.3445,0.66,
False,UCB,0.7,False,100,366.57,152.1600204330356,336.861,394.80225,0.75,
False,UCB,0.8,False,100,398.43,125.49878304371938,371.85,421.662,0.81,
False,UCB,0.9,False,100,427.17,92.35297406246222,407.96925000000005,443.76225,0.92,
False,SEEDA,0.0,False,100,21.0,0.0,21.0,21.0,0.0,
False,SEEDA,0.1,False,100,24.3,1.314257481345542,24.06,24.6,0.0,
False,SEEDA,0.2,False,100,31.08,23.73918892694296,27.54,36.18,0.02,
False,SEEDA,0.3,False,100,66.6,101.59276996465304,49.017,87.0015,0.11,
False,SEEDA,0.4,False,100,140.13,166.61730511455394,107.74125000000001,172.83375,0.29,
False,SEEDA,0.5,False,100,212.34,182.90662297268716,178.18875,250.083,0.49,
False,SEEDA,0.6,False,100,284.04,194.66842672512757,245.88,323.91450000000003,0.57,
False,SEEDA,0.7,False,100,310.56,184.4034509635672,272.24175,345.72150000000005,0.64,
False,SEEDA,0.8,False,100,349.14,167.14053966647347,314.99175,379.15799999999996,0.7,
False,SEEDA,0.9,False,100,377.7,154.51831312472024,346.788,406.02675,0.78,
False,SEEDA Plateau,0.0,False,100,21.0,0.0,21.0,21.0,0.0,
False,SEEDA Plateau,0.1,False,100,128.82,166.88690781484328,98.019,165.0045,0.24,
False,SEEDA Plateau,0.2,False,100,187.26,190.11775298482777,152.06475,224.706,0.35,
False,SEEDA Plateau,0.3,False,100,215.79,194.4237429384123,178.22775,250.50075,0.39,
False,SEEDA Plateau,0.4,False,100,242.7,199.83288472666808,203.9865,283.131,0.45,
False,SEEDA Plateau,0.5,False,100,260.85,200.59383431111826,221.63324999999998,299.1315,0.51,
False,SEEDA Plateau,0.6,False,100,275.82,199.40995689556456,237.7335,313.128,0.54,
False,SEEDA Plateau,0.7,False,100,288.99,195.49566607611908,251.838,324.51824999999997,0.56,
False,SEEDA Plateau,0.8,False,100,309.0,187.3018953454556,270.765,345.6675,0.62,
False,SEEDA Plateau,0.9,False,100,336.6,178.08884401791246,301.7925,371.46074999999996,0.68,
False,SEEDA Plateau (ours),0.0,False,100,21.0,0.0,21.0,21.0,0.0,
False,SEEDA Plateau (ours),0.1,False,100,47.52,69.00160735940734,35.5185,62.04,0.04,
False,SEEDA Plateau (ours),0.2,False,100,81.3,118.92587454529664,59.21475,107.13149999999999,0.11,
False,SEEDA Plateau (ours),0.3,False,100,105.39,140.72646258869466,79.88775,134.52075000000002,0.16,
False,SEEDA Plateau (ours),0.4,False,100,135.69,162.78254038607903,103.85925,168.1335,0.22,
False,SEEDA Plateau (ours),0.5,False,100,157.62,172.36189201265404,123.61274999999999,192.642,0.24,
False,SEEDA Plateau (ours),0.6,False,100,179.73,181.92860487764773,142.30575,215.9895,0.3,
False,SEEDA Plateau (ours),0.7,False,100,203.13,186.27755195845893,168.74775,240.67049999999998,0.37,
False,SEEDA Plateau (ours),0.8,False,100,248.4,186.22176418062807,209.54175,284.43,0.49,
False,SEEDA Plateau (ours),0.9,False,100,348.36,161.6091131543808,315.38624999999996,379.32,0.73,
False,SEEDA Plateau (fixed),0.0,False,100,21.0,0.0,21.0,21.0,0.0,
False,SEEDA Plateau (fixed),0.1,False,100,75.12,109.67880378632874,55.848,97.86449999999999,0.09,
False,SEEDA Plateau (fixed),0.2,False,100,117.15,150.63645278979092,89.0685,147.18825,0.16,
False,SEEDA Plateau (fixed),0.3,False,100,140.61,165.23132819832264,109.67850000000001,175.34024999999997,0.19,
False,SEEDA Plateau (fixed),0.4,False,100,155.94,169.90424040938743,125.097,190.14374999999998,0.23,
False,SEEDA Plateau (fixed),0.5,False,100,174.93,177.50477330329613,142.46025,208.125,0.26,
False,SEEDA Plateau (fixed),0.6,False,100,189.39,181.37688286097443,152.57850000000002,223.41674999999998,0.29,
False,SEEDA Plateau (fixed),0.7,False,100,203.34,181.78887854771634,170.352,242.4,0.31,
False,SEEDA Plateau (fixed),0.8,False,100,222.21,184.31063452769078,185.865,259.03574999999995,0.35,
False,SEEDA Plateau (fixed),0.9,False,100,249.72,186.99106444378077,212.46,288.31275,0.46,
True,UCB,0.0,False,100,21.0,0.0,21.0,21.0,0.0,
True,UCB,0.1,False,100,78.78,140.77100682895028,51.24,108.123,0.13,
True,UCB,0.2,False,100,106.02,155.45488676198576,76.73625,135.843,0.19,
True,UCB,0.3,False,100,156.63,169.39963239200213,125.00625000000001,190.4775,0.35,
True,UCB,0.4,False,100,224.1,186.19027413325912,187.2,259.65074999999996,0.49,
True,UCB,0.5,False,100,307.35,176.55304379343696,272.27849999999995,344.01599999999996,0.67,
True,UCB,0.6,False,100,360.09,163.62232288246778,327.83774999999997,391.08299999999997,0.74,
True,UCB,0.7,False,100,394.32,132.84394125165335,366.98925,418.14074999999997,0.85,
True,UCB,0.8,False,100,416.73,114.07979264930795,394.01849999999996,438.03074999999995,0.87,
True,UCB,0.9,False,100,431.61,85.97003177640661,411.98325,446.76075,0.91,
True,SEEDA,0.0,False,100,21.0,0.0,21.0,21.0,0.0,
True,SEEDA,0.1,False,100,93.3,159.0960258917408,63.0,123.76049999999991,0.16,
True,SEEDA,0.2,False,100,109.74,161.8917595746671,80.9085,142.4475,0.22,
True,SEEDA,0.3,False,100,147.24,176.1041427420408,113.26950000000001,181.3875,0.32,
True,SEEDA,0.4,False,100,197.04,193.3592417331956,161.667,232.89674999999997,0.42,
True,SEEDA,0.5,False,100,276.45,189.1485106758948,243.55724999999998,314.1315,0.63,
True,SEEDA,0.6,False,100,339.96,178.17350073351636,303.82425,373.4415,0.73,
True,SEEDA,0.7,False,100,364.95,164.42814125435962,330.68175,395.73,0.77,
True,SEEDA,0.8,False,100,387.42,142.63240738473021,358.94925,412.02,0.81,
True,SEEDA,0.9,False,100,404.04,128.90580070169634,378.0585,427.35375,0.83,
True,SEEDA Plateau,0.0,False,100,21.0,0.0,21.0,21.0,0.0,
True,SEEDA Plateau,0.1,False,100,192.96,201.98419380103618,155.50500000000002,232.02,0.39,
True,SEEDA Plateau,0.2,False,100,223.83,203.4162302454569,183.65175,264.2535,0.46,
True,SEEDA Plateau,0.3,False,100,243.87,208.437169517252,203.99175,284.50425,0.47,
True,SEEDA Plateau,0.4,False,100,251.76,207.8875045438146,213.1755,291.04049999999995,0.5,
True,SEEDA Plateau,0.5,False,100,266.85,206.2312801422008,226.37775,304.41375,0.55,
True,SEEDA Plateau,0.6,False,100,276.06,204.63803076741047,235.90875,315.77625,0.56,
True,SEEDA Plateau,0.7,False,100,285.99,199.82312860945984,249.53924999999998,323.31525,0.58,
True,SEEDA Plateau,0.8,False,100,306.03,189.54754500700295,269.37,339.60525,0.61,
True,SEEDA Plateau,0.9,False,100,332.88,178.59396304568534,296.33849999999995,363.75,0.67,
True,SEEDA Plateau (ours),0.0,False,100,21.0,0.0,21.0,21.0,0.0,
True,SEEDA Plateau (ours),0.1,False,100,105.78,159.76267626474194,75.957,135.966,0.18,
True,SEEDA Plateau (ours),0.2,False,100,120.84,161.64049897563083,93.68925,150.786,0.19,
True,SEEDA Plateau (ours),0.3,False,100,144.3,168.15279847913217,112.43025,181.836,0.25,
True,SEEDA Plateau (ours),0.4,False,100,167.61,179.22999698203932,132.687,201.336,0.28,
True,SEEDA Plateau (ours),0.5,False,100,189.93,188.48086230316713,153.74625,224.55675,0.34,
True,SEEDA Plateau (ours),0.6,False,100,208.23,191.65978143100813,170.8155,246.76725,0.37,
True,SEEDA Plateau (ours),0.7,False,100,227.07,186.56984799752124,190.884,261.279,0.41,
True,SEEDA Plateau (ours),0.8,False,100,267.27,181.87163055298097,231.71925,302.16150000000005,0.55,
True,SEEDA Plateau (ours),0.9,False,100,359.1,156.83778533596714,328.76624999999996,389.89874999999995,0.79,
True,SEEDA Plateau (fixed),0.0,False,100,21.0,0.0,21.0,21.0,0.0,
True,SEEDA Plateau (fixed),0.1,False,100,150.36,184.14583153774421,113.745,189.7815,0.27,
True,SEEDA Plateau (fixed),0.2,False,100,177.45,186.56384478729575,137.634,212.75549999999996,0.3,
True,SEEDA Plateau (fixed),0.3,False,100,199.53,190.2354975956237,163.94774999999998,236.80049999999997,0.34,
True,SEEDA Plateau (fixed),0.4,False,100,216.78,194.2091749541294,180.65775,255.03225,0.39,
True,SEEDA Plateau (fixed),0.5,False,100,231.51,194.73947865149108,195.32925,267.60075,0.41,
True,SEEDA Plateau (fixed),0.6,False,100,242.04,193.93901571932818,207.444,280.509,0.42,
True,SEEDA Plateau (fixed),0.7,False,100,258.87,194.06432626135265,222.02925,298.62225,0.49,
True,SEEDA Plateau (fixed),0.8,False,100,277.65,195.59483865657324,239.90925,315.54075,0.55,
True,SEEDA Plateau (fixed),0.9,False,100,289.74,196.4809405514947,252.39974999999998,327.03599999999994,0.57,
False,UCB,0.0,True,32,21.0,0.0,21.0,21.0,0.0,1.0
False,UCB,0.1,True,32,24.375,1.4756081305138942,24.0,24.9375,0.0,1.0
False,UCB,0.2,True,32,31.5,4.310527248642598,30.1828125,33.0,0.0,1.0
False,UCB,0.3,True,32,47.4375,25.33509296378979,40.8703125,57.1875,0.03125,1.0
False,UCB,0.4,True,32,81.0,52.39551815356582,64.5,99.75,0.09375,1.0
False,UCB,0.5,True,32,235.875,133.69096526522796,192.553125,283.3125,0.625,1.0
False,UCB,0.6,True,32,406.6875,113.2512016599354,364.5,440.82421875,0.90625,1.0
False,UCB,0.7,True,32,437.90625,75.61675841522042,407.98359375,461.15625,0.96875,1.0
False,UCB,0.8,True,32,458.625,14.432825489588074,453.18515625,461.81484375,1.0,1.0
False,UCB,0.9,True,32,460.96875,2.9125354767325677,460.03125,461.90625,1.0,1.0
False,SEEDA,0.0,True,32,21.0,0.0,21.0,21.0,0.0,1.0
False,SEEDA,0.1,True,32,24.1875,1.0606601717798212,24.0,24.5625,0.0,1.0
False,SEEDA,0.2,True,32,27.5625,1.7768674864817942,27.0,28.3125,0.0,1.0
False,SEEDA,0.3,True,32,32.25,6.237245049414975,30.375,34.875,0.0,1.0
False,SEEDA,0.4,True,32,54.75,44.05787981954588,41.625,71.4515625,0.09375,1.0
False,SEEDA,0.5,True,32,174.375,122.65076305273993,134.6203125,217.3171875,0.53125,1.0
False,SEEDA,0.6,True,32,356.53125,162.52622307025987,294.27890625,409.05234375,0.78125,1.0
False,SEEDA,0.7,True,32,403.3125,116.96634131236216,362.240625,440.15625,0.9375,1.0
False,SEEDA,0.8,True,32,454.6875,32.20242176827599,442.96640625,461.15625,1.0,1.0
False,SEEDA,0.9,True,32,460.40625,3.0465144017384853,459.375,461.4375,1.0,1.0
False,SEEDA Plateau,0.0,True,32,21.0,0.0,21.0,21.0,0.0,1.0
False,SEEDA Plateau,0.1,True,32,24.0,0.0,24.0,24.0,0.0,1.0
False,SEEDA Plateau,0.2,True,32,27.0,0.0,27.0,27.0,0.0,1.0
False,SEEDA Plateau,0.3,True,32,30.0,0.0,30.0,30.0,0.0,1.0
False,SEEDA Plateau,0.4,True,32,33.0,0.0,33.0,33.0,0.0,1.0
False,SEEDA Plateau,0.5,True,32,36.1875,1.0606601717798212,36.0,36.5625,0.0,1.0
False,SEEDA Plateau,0.6,True,32,40.6875,8.517297390528856,39.0,43.6875,0.0,1.0
False,SEEDA Plateau,0.7,True,32,53.4375,39.7515976550507,44.0625,67.5,0.0,1.0
False,SEEDA Plateau,0.8,True,32,74.25,77.2407213343976,54.5625,102.1875,0.03125,1.0
False,SEEDA Plateau,0.9,True,32,102.84375,100.2465056506275,72.375,140.43984375,0.09375,1.0
False,SEEDA Plateau (ours),0.0,True,32,21.0,0.0,21.0,21.0,0.0,1.0
False,SEEDA Plateau (ours),0.1,True,32,27.375,6.272057850292785,25.5,29.629687499999996,0.0,1.0
False,SEEDA Plateau (ours),0.2,True,32,34.125,13.920859261577396,29.8125,39.375,0.0,1.0
False,SEEDA Plateau (ours),0.3,True,32,42.1875,23.287041253078517,34.875,51.375,0.0,1.0
False,SEEDA Plateau (ours),0.4,True,32,64.5,59.572671803491,46.875,87.0,0.0625,1.0
False,SEEDA Plateau (ours),0.5,True,32,89.4375,108.9139753762485,54.5625,129.0046875,0.0625,1.0
False,SEEDA Plateau (ours),0.6,True,32,115.40625,139.49398400139214,71.2453125,165.18984375,0.15625,1.0
False,SEEDA Plateau (ours),0.7,True,32,145.3125,165.77315193729595,90.84140625,202.97812499999998,0.21875,1.0
False,SEEDA Plateau (ours),0.8,True,32,177.28125,180.03767246902666,115.959375,243.8484375,0.3125,1.0
False,SEEDA Plateau (ours),0.9,True,32,283.3125,188.11534510644296,224.1375,348.48515625,0.59375,1.0
False,SEEDA Plateau (fixed),0.0,True,32,21.0,0.0,21.0,21.0,0.0,1.0
False,SEEDA Plateau (fixed),0.1,True,32,49.6875,81.13407362647217,28.1203125,81.00468749999999,0.03125,1.0
False,SEEDA Plateau (fixed),0.2,True,32,76.03125,117.66093559941223,41.4328125,122.63437499999999,0.0625,1.0
False,SEEDA Plateau (fixed),0.3,True,32,94.59375,141.49634883583028,50.2453125,144.67265625,0.125,1.0
False,SEEDA Plateau (fixed),0.4,True,32,103.6875,141.46136768880436,59.89921875,152.06953124999998,0.125,1.0
False,SEEDA Plateau (fixed),0.5,True,32,118.125,144.4443748276645,72.65390625,168.19921875,0.125,1.0
False,SEEDA Plateau (fixed),0.6,True,32,130.6875,151.3333081687251,83.71875,180.29062499999998,0.15625,1.0
False,SEEDA Plateau (fixed),0.7,True,32,142.03125,150.16753748569005,97.68515625,197.06484375,0.15625,1.0
False,SEEDA Plateau (fixed),0.8,True,32,165.5625,158.32468425726069,116.24765625,222.03749999999997,0.1875,1.0
False,SEEDA Plateau (fixed),0.9,True,32,216.0,179.5122423716286,154.77890625,275.53359375,0.40625,1.0
True,UCB,0.0,True,27,21.0,0.0,21.0,21.0,0.0,0.0
True,UCB,0.1,True,27,136.0,192.9208685924401,72.0,200.39999999999964,0.25925925925925924,0.0
True,UCB,0.2,True,27,139.77777777777777,190.68889954650322,76.66666666666667,203.78333333333333,0.25925925925925924,0.0
True,UCB,0.3,True,27,152.44444444444446,185.45024904754072,89.7611111111111,223.78333333333333,0.2962962962962963,0.0
True,UCB,0.4,True,27,176.44444444444446,184.54837459079005,108.55277777777778,249.4944444444444,0.3333333333333333,0.0
True,UCB,0.5,True,27,248.0,194.64286823268444,173.32777777777778,318.00555555555553,0.48148148148148145,0.0
True,UCB,0.6,True,27,280.6666666666667,192.81198494507944,206.55277777777778,348.0,0.5185185185185185,0.0
True,UCB,0.7,True,27,334.0,172.5596886698807,263.93055555555554,393.0,0.7037037037037037,0.0
True,UCB,0.8,True,27,369.77777777777777,160.94440830331,310.4277777777778,423.1138888888889,0.7407407407407407,0.0
True,UCB,0.9,True,27,387.0,142.2148969801579,331.76944444444445,438.0361111111111,0.7777777777777778,0.0
True,SEEDA,0.0,True,27,21.0,0.0,21.0,21.0,0.0,0.0
True,SEEDA,0.1,True,27,136.0,192.9208685924401,72.0,200.39999999999964,0.25925925925925924,0.0
True,SEEDA,0.2,True,27,138.22222222222223,191.58114033832592,74.66666666666667,217.66666666666666,0.25925925925925924,0.0
True,SEEDA,0.3,True,27,146.0,188.9029054628533,82.66666666666667,219.33333333333334,0.2962962962962963,0.0
True,SEEDA,0.4,True,27,150.22222222222223,187.50494010586112,87.10000000000001,228.11111111111111,0.25925925925925924,0.0
True,SEEDA,0.5,True,27,206.88888888888889,192.98810910626142,133.7722222222222,281.1444444444444,0.4444444444444444,0.0
True,SEEDA,0.6,True,27,273.44444444444446,191.1574730089815,206.21944444444446,343.25277777777774,0.5925925925925926,0.0
True,SEEDA,0.7,True,27,307.6666666666667,185.15565177605404,242.65833333333333,374.7861111111111,0.6296296296296297,0.0
True,SEEDA,0.8,True,27,331.0,173.89253976124272,264.21944444444443,393.1111111111111,0.6666666666666666,0.0
True,SEEDA,0.9,True,27,361.3333333333333,168.85360067685397,296.1083333333333,420.00555555555553,0.7407407407407407,0.0
True,SEEDA Plateau,0.0,True,27,21.0,0.0,21.0,21.0,0.0,0.0
True,SEEDA Plateau,0.1,True,27,173.77777777777777,204.15253221612613,105.76666666666667,252.89444444444445,0.3333333333333333,0.0
True,SEEDA Plateau,0.2,True,27,183.55555555555554,200.5397204724777,113.10555555555555,257.6666666666667,0.3333333333333333,0.0
True,SEEDA Plateau,0.3,True,27,192.88888888888889,200.90666285488686,119.97777777777777,264.44444444444446,0.3333333333333333,0.0
True,SEEDA Plateau,0.4,True,27,202.44444444444446,203.99553790997365,132.10555555555555,274.74722222222215,0.37037037037037035,0.0
True,SEEDA Plateau,0.5,True,27,209.88888888888889,202.67980304929884,135.5361111111111,280.03888888888883,0.4074074074074074,0.0
True,SEEDA Plateau,0.6,True,27,219.11111111111111,201.93722050588156,145.5388888888889,295.8888888888889,0.4074074074074074,0.0
True,SEEDA Plateau,0.7,True,27,245.55555555555554,197.30069463274603,176.775,322.4527777777778,0.48148148148148145,0.0
True,SEEDA Plateau,0.8,True,27,290.1111111111111,186.92045476687778,222.33333333333334,358.9833333333333,0.5555555555555556,0.0
True,SEEDA Plateau,0.9,True,27,345.55555555555554,165.61153186653246,284.5444444444444,400.6666666666667,0.6666666666666666,0.0
True,SEEDA Plateau (ours),0.0,True,27,21.0,0.0,21.0,21.0,0.0,0.0
True,SEEDA Plateau (ours),0.1,True,27,144.22222222222223,188.65706236313332,80.65555555555557,218.2277777777778,0.25925925925925924,0.0
True,SEEDA Plateau (ours),0.2,True,27,154.22222222222223,184.06423070667753,88.66388888888889,220.79999999999998,0.25925925925925924,0.0
True,SEEDA Plateau (ours),0.3,True,27,185.11111111111111,182.2300602858784,121.08888888888889,252.44444444444446,0.37037037037037035,0.0
True,SEEDA Plateau (ours),0.4,True,27,221.33333333333334,194.1716132307073,152.87222222222223,289.3472222222222,0.4074074074074074,0.0
True,SEEDA Plateau (ours),0.5,True,27,248.11111111111111,199.1449671689394,175.2111111111111,320.3361111111111,0.48148148148148145,0.0
True,SEEDA Plateau (ours),0.6,True,27,268.3333333333333,197.44561081667334,199.6611111111111,341.55555555555554,0.5185185185185185,0.0
True,SEEDA Plateau (ours),0.7,True,27,280.77777777777777,191.9571934118753,209.9638888888889,349.3361111111111,0.5185185185185185,0.0
True,SEEDA Plateau (ours),0.8,True,27,302.6666666666667,179.85442831527777,234.88333333333333,368.1222222222222,0.5555555555555556,0.0
True,SEEDA Plateau (ours),0.9,True,27,332.3333333333333,166.92167670451363,269.22222222222223,392.22222222222223,0.7037037037037037,0.0
True,SEEDA Plateau (fixed),0.0,True,27,21.0,0.0,21.0,21.0,0.0,0.0
True,SEEDA Plateau (fixed),0.1,True,27,215.77777777777777,204.05755849633988,142.17777777777778,294.22777777777776,0.4074074074074074,0.0
True,SEEDA Plateau (fixed),0.2,True,27,231.11111111111111,193.93284589761663,161.42777777777778,303.22777777777776,0.4074074074074074,0.0
True,SEEDA Plateau (fixed),0.3,True,27,246.88888888888889,186.10942466387337,175.33333333333334,313.5722222222222,0.4074074074074074,0.0
True,SEEDA Plateau (fixed),0.4,True,27,266.8888888888889,181.71391998949537,200.98055555555555,336.56666666666666,0.4444444444444444,0.0
True,SEEDA Plateau (fixed),0.5,True,27,291.1111111111111,177.43846893052887,218.63888888888889,352.90555555555557,0.5185185185185185,0.0
True,SEEDA Plateau (fixed),0.6,True,27,309.44444444444446,171.7003949937962,243.4388888888889,370.77777777777777,0.5185185185185185,0.0
True,SEEDA Plateau (fixed),0.7,True,27,340.22222222222223,161.33251218269515,280.875,397.13055555555553,0.7037037037037037,0.0
True,SEEDA Plateau (fixed),0.8,True,27,366.77777777777777,153.8204081021694,305.65555555555557,418.45,0.7407407407407407,0.0
True,SEEDA Plateau (fixed),0.9,True,27,376.77777777777777,142.6165739999639,324.2166666666667,427.55833333333334,0.7407407407407407,0.0
False,UCB,0.0,True,40,21.0,0.0,21.0,21.0,0.0,0.0
False,UCB,0.1,True,40,24.45,1.600480697021511,24.0,24.9,0.0,0.0
False,UCB,0.2,True,40,28.5,3.5300904324873126,27.6,29.7,0.0,0.0
False,UCB,0.3,True,40,39.3,23.413999756884444,33.75,47.25375,0.0,0.0
False,UCB,0.4,True,40,59.7,51.773768231828335,45.75,78.3,0.025,0.0
False,UCB,0.5,True,40,114.0,120.57554287027506,80.09625,153.17624999999998,0.15,0.0
False,UCB,0.6,True,40,172.95,144.1194216346558,131.09437499999999,216.91687499999998,0.225,0.0
False,UCB,0.7,True,40,244.275,168.73450356197955,191.99625,296.505,0.4,0.0
False,UCB,0.8,True,40,307.35,160.08404042876978,256.71562500000005,355.5,0.525,0.0
False,UCB,0.9,True,40,377.325,131.86791905889422,337.453125,413.926875,0.8,0.0
False,SEEDA,0.0,True,40,21.0,0.0,21.0,21.0,0.0,0.0
False,SEEDA,0.1,True,40,24.0,0.0,24.0,24.0,0.0,0.0
False,SEEDA,0.2,True,40,27.0,0.0,27.0,27.0,0.0,0.0
False,SEEDA,0.3,True,40,30.45,2.099450477551758,30.0,31.2,0.0,0.0
False,SEEDA,0.4,True,40,48.45,62.05537229579105,33.9,69.75,0.05,0.0
False,SEEDA,0.5,True,40,72.6,94.96363676530247,46.49625,102.91874999999999,0.1,0.0
False,SEEDA,0.6,True,40,101.925,119.55588490486203,69.59625,138.46124999999998,0.1,0.0
False,SEEDA,0.7,True,40,130.8,137.52057188765502,92.611875,174.98624999999998,0.15,0.0
False,SEEDA,0.8,True,40,186.15,157.02172804081312,142.275,234.613125,0.25,0.0
False,SEEDA,0.9,True,40,252.975,184.39804875490245,197.16750000000002,308.851875,0.45,0.0
False,SEEDA Plateau,0.0,True,40,21.0,0.0,21.0,21.0,0.0,0.0
False,SEEDA Plateau,0.1,True,40,133.35,154.1457102873771,86.37750000000001,185.70374999999999,0.2,0.0
False,SEEDA Plateau,0.2,True,40,207.6,177.30833639128804,154.254375,261.080625,0.325,0.0
False,SEEDA Plateau,0.3,True,40,245.175,180.34708523801032,193.760625,295.201875,0.375,0.0
False,SEEDA Plateau,0.4,True,40,275.775,178.848093041596,221.75625,330.380625,0.475,0.0
False,SEEDA Plateau,0.5,True,40,307.875,176.37986214199955,253.873125,361.126875,0.575,0.0
False,SEEDA Plateau,0.6,True,40,335.325,166.26783883472243,285.13874999999996,384.98625,0.65,0.0
False,SEEDA Plateau,0.7,True,40,358.05,156.3657694195051,309.898125,403.28625,0.7,0.0
False,SEEDA Plateau,0.8,True,40,391.425,125.88820589958132,349.34250000000003,425.705625,0.825,0.0
False,SEEDA Plateau,0.9,True,40,437.55,79.83507037347974,411.298125,458.775,0.925,0.0
False,SEEDA Plateau (ours),0.0,True,40,21.0,0.0,21.0,21.0,0.0,0.0
False,SEEDA Plateau (ours),0.1,True,40,76.05,101.73619732501233,49.4925,107.57249999999998,0.1,0.0
False,SEEDA Plateau (ours),0.2,True,40,150.3,164.33755130593485,105.12562500000001,201.23624999999998,0.275,0.0
False,SEEDA Plateau (ours),0.3,True,40,194.775,181.70269990797098,141.508125,254.325,0.375,0.0
False,SEEDA Plateau (ours),0.4,True,40,245.175,196.88261340590353,184.49625,304.385625,0.475,0.0
False,SEEDA Plateau (ours),0.5,True,40,274.575,191.84487423236192,216.808125,328.951875,0.525,0.0
False,SEEDA Plateau (ours),0.6,True,40,294.75,187.99028207289373,231.283125,350.2575,0.55,0.0
False,SEEDA Plateau (ours),0.7,True,40,311.775,176.05993843880816,256.71375,366.763125,0.6,0.0
False,SEEDA Plateau (ours),0.8,True,40,339.675,163.8096749749068,291.811875,393.301875,0.625,0.0
False,SEEDA Plateau (ours),0.9,True,40,378.15,139.53320531190911,334.0425,416.1,0.725,0.0
False,SEEDA Plateau (fixed),0.0,True,40,21.0,0.0,21.0,21.0,0.0,0.0
False,SEEDA Plateau (fixed),0.1,True,40,113.55,129.94475157365326,76.94625,157.3575,0.15,0.0
False,SEEDA Plateau (fixed),0.2,True,40,189.825,169.46066596025258,141.58875,243.98062499999997,0.3,0.0
False,SEEDA Plateau (fixed),0.3,True,40,228.975,176.29309620410768,174.71625,279.380625,0.325,0.0
False,SEEDA Plateau (fixed),0.4,True,40,256.425,176.3645536076645,203.98875,311.645625,0.425,0.0
False,SEEDA Plateau (fixed),0.5,True,40,286.2,180.3276505100134,232.929375,340.65,0.5,0.0
False,SEEDA Plateau (fixed),0.6,True,40,302.7,176.77077725774612,252.07312499999998,353.938125,0.525,0.0
False,SEEDA Plateau (fixed),0.7,True,40,317.7,168.43323260613934,268.86,369.080625,0.55,0.0
False,SEEDA Plateau (fixed),0.8,True,40,337.275,160.96232836861597,284.390625,384.15937499999995,0.6,0.0
False,SEEDA Plateau (fixed),0.9,True,40,356.7,147.81610196456947,309.45,403.430625,0.675,0.0
True,UCB,0.0,True,40,21.0,0.0,21.0,21.0,0.0,1.0
True,UCB,0.1,True,40,72.3,131.5092275206456,36.3,112.20375,0.125,1.0
True,UCB,0.2,True,40,107.55,157.21061326474407,63.290625,160.33687499999994,0.2,1.0
True,UCB,0.3,True,40,153.15,172.5094646232936,100.34062499999999,207.98062499999997,0.325,1.0
True,UCB,0.4,True,40,213.375,185.69477126974544,158.31375,272.19,0.475,1.0
True,UCB,0.5,True,40,298.35,172.00172181606877,244.305,351.375,0.675,1.0
True,UCB,0.6,True,40,362.55,156.4528191353055,312.148125,407.93625,0.75,1.0
True,UCB,0.7,True,40,405.075,115.19112045105399,367.033125,435.16125,0.875,1.0
True,UCB,0.8,True,40,429.375,90.79695225315406,397.04062500000003,453.076875,0.9,1.0
True,UCB,0.9,True,40,445.95,47.158733590355816,429.285,458.326875,0.925,1.0
True,SEEDA,0.0,True,40,21.0,0.0,21.0,21.0,0.0,1.0
True,SEEDA,0.1,True,40,110.55,174.92796319540312,67.2,164.55,0.2,1.0
True,SEEDA,0.2,True,40,121.2,172.79529908135635,71.248125,174.525,0.25,1.0
True,SEEDA,0.3,True,40,152.7,184.80734251147558,97.17750000000001,208.95749999999998,0.3,1.0
True,SEEDA,0.4,True,40,204.225,197.55356138370328,144.148125,268.59187499999996,0.45,1.0
True,SEEDA,0.5,True,40,260.325,190.80697556189324,200.90625,320.476875,0.575,1.0
True,SEEDA,0.6,True,40,333.525,184.2183748038849,274.6275,387.08437499999997,0.7,1.0
True,SEEDA,0.7,True,40,365.25,162.4065411717909,311.911875,412.201875,0.775,1.0
True,SEEDA,0.8,True,40,389.625,140.05853858572576,344.544375,430.65375,0.8,1.0
True,SEEDA,0.9,True,40,404.1,118.91082631697005,361.34812500000004,434.484375,0.8,1.0
True,SEEDA Plateau,0.0,True,40,21.0,0.0,21.0,21.0,0.0,1.0
True,SEEDA Plateau,0.1,True,40,198.45,198.25572064692298,138.1425,261.30375,0.4,1.0
True,SEEDA Plateau,0.2,True,40,244.125,205.54133497818725,182.83875,305.86875,0.5,1.0
True,SEEDA Plateau,0.3,True,40,260.85,207.95704068203793,196.8675,322.97999999999996,0.5,1.0
True,SEEDA Plateau,0.4,True,40,271.95,207.28302836014782,205.318125,336.009375,0.55,1.0
True,SEEDA Plateau,0.5,True,40,286.875,207.17850441662063,222.81937499999998,348.39187499999997,0.6,1.0
True,SEEDA Plateau,0.6,True,40,290.925,206.80256749633676,228.82125,353.476875,0.6,1.0
True,SEEDA Plateau,0.7,True,40,293.775,203.46466807248416,231.6,353.851875,0.6,1.0
True,SEEDA Plateau,0.8,True,40,300.375,196.31825123821466,237.729375,357.84187499999996,0.6,1.0
True,SEEDA Plateau,0.9,True,40,319.275,185.75900951336013,257.69624999999996,377.78625,0.65,1.0
True,SEEDA Plateau (ours),0.0,True,40,21.0,0.0,21.0,21.0,0.0,1.0
True,SEEDA Plateau (ours),0.1,True,40,113.4,166.56973591585276,64.64250000000001,165.61499999999998,0.2,1.0
True,SEEDA Plateau (ours),0.2,True,40,131.175,167.61354934216064,82.27312500000001,184.21874999999997,0.2,1.0
True,SEEDA Plateau (ours),0.3,True,40,156.075,174.64401705271123,106.03875,211.12875,0.25,1.0
True,SEEDA Plateau (ours),0.4,True,40,181.35,182.60417469319972,127.798125,238.22249999999997,0.3,1.0
True,SEEDA Plateau (ours),0.5,True,40,208.95,191.56748158286155,150.28125,267.31125,0.375,1.0
True,SEEDA Plateau (ours),0.6,True,40,232.425,193.1109535593861,174.10125000000002,293.116875,0.425,1.0
True,SEEDA Plateau (ours),0.7,True,40,247.425,185.2316481099773,192.748125,305.02875,0.425,1.0
True,SEEDA Plateau (ours),0.8,True,40,291.975,179.19742550520166,238.27125,343.14187499999997,0.625,1.0
True,SEEDA Plateau (ours),0.9,True,40,392.4,137.64536372085388,347.0025,435.60375,0.9,1.0
True,SEEDA Plateau (fixed),0.0,True,40,21.0,0.0,21.0,21.0,0.0,1.0
True,SEEDA Plateau (fixed),0.1,True,40,156.75,188.45372825260768,101.84625,215.55,0.275,1.0
True,SEEDA Plateau (fixed),0.2,True,40,198.375,193.1076075066,137.533125,255.826875,0.35,1.0
True,SEEDA Plateau (fixed),0.3,True,40,224.175,200.26442615855512,162.264375,282.67875,0.425,1.0
True,SEEDA Plateau (fixed),0.4,True,40,238.35,202.03459338211593,176.8425,300.759375,0.45,1.0
True,SEEDA Plateau (fixed),0.5,True,40,247.125,199.66743985552964,185.91750000000002,304.52625,0.45,1.0
True,SEEDA Plateau (fixed),0.6,True,40,256.2,198.08366530720917,196.03875000000002,314.8575,0.475,1.0
True,SEEDA Plateau (fixed),0.7,True,40,269.1,197.00238186767808,211.3275,329.345625,0.5,1.0
True,SEEDA Plateau (fixed),0.8,True,40,286.275,194.8891844889532,227.623125,342.85499999999996,0.575,1.0
True,SEEDA Plateau (fixed),0.9,True,40,304.275,199.03214371243968,243.3,356.33437499999997,0.625,1.0
True,UCB,0.0,True,21,21.0,0.0,21.0,21.0,0.0,2.0
True,UCB,0.1,True,21,45.714285714285715,94.0388977270272,24.571428571428573,87.14285714285714,0.047619047619047616,2.0
True,UCB,0.2,True,21,56.857142857142854,92.65327070011384,32.714285714285715,100.85714285714286,0.047619047619047616,2.0
True,UCB,0.3,True,21,134.57142857142858,134.42640046827538,81.42142857142858,192.3142857142857,0.38095238095238093,2.0
True,UCB,0.4,True,21,274.42857142857144,175.7872496595164,201.05,348.2892857142857,0.6666666666666666,2.0
True,UCB,0.5,True,21,365.2857142857143,160.59363090021438,297.70714285714286,426.71785714285716,0.8095238095238095,2.0
True,UCB,0.6,True,21,400.0,142.05351104425404,341.425,454.85714285714283,0.8571428571428571,2.0
True,UCB,0.7,True,21,413.42857142857144,120.8021404729947,366.7107142857143,459.42857142857144,0.9047619047619048,2.0
True,UCB,0.8,True,21,427.85714285714283,100.39237307399686,380.2857142857143,460.14285714285717,0.9047619047619048,2.0
True,UCB,0.9,True,21,445.0,46.44028423685626,423.425,460.2857142857143,1.0,2.0
True,SEEDA,0.0,True,21,21.0,0.0,21.0,21.0,0.0,2.0
True,SEEDA,0.1,True,21,44.857142857142854,94.21373876154459,24.0,86.28571428571429,0.047619047619047616,2.0
True,SEEDA,0.2,True,21,55.714285714285715,96.87989618963412,27.857142857142858,102.3,0.09523809523809523,2.0
True,SEEDA,0.3,True,21,115.14285714285714,129.96087323278715,64.56428571428572,173.42857142857142,0.3333333333333333,2.0
True,SEEDA,0.4,True,21,225.71428571428572,184.58145704732715,149.85,301.86071428571427,0.5238095238095238,2.0
True,SEEDA,0.5,True,21,367.7142857142857,161.65121182878366,295.13928571428573,431.00357142857143,0.8571428571428571,2.0
True,SEEDA,0.6,True,21,394.2857142857143,151.503182427678,321.4214285714286,450.5035714285714,0.8571428571428571,2.0
True,SEEDA,0.7,True,21,402.42857142857144,148.30528359723783,324.7107142857143,461.42857142857144,0.8571428571428571,2.0
True,SEEDA,0.8,True,21,419.7142857142857,120.80692979177266,361.0,461.1464285714286,0.9047619047619048,2.0
True,SEEDA,0.9,True,21,426.14285714285717,112.57188179749227,371.14285714285717,462.0,0.9047619047619048,2.0
True,SEEDA Plateau,0.0,True,21,21.0,0.0,21.0,21.0,0.0,2.0
True,SEEDA Plateau,0.1,True,21,173.42857142857142,205.51996774731435,95.42857142857143,258.8714285714285,0.3333333333333333,2.0
True,SEEDA Plateau,0.2,True,21,206.28571428571428,195.44926268910376,125.275,281.14285714285717,0.47619047619047616,2.0
True,SEEDA Plateau,0.3,True,21,257.14285714285717,216.1856345167934,158.2785714285714,356.2857142857143,0.5238095238095238,2.0
True,SEEDA Plateau,0.4,True,21,260.57142857142856,212.68981438436853,162.69285714285715,341.7285714285714,0.5238095238095238,2.0
True,SEEDA Plateau,0.5,True,21,293.7142857142857,203.92477604674298,202.0,374.61428571428564,0.6190476190476191,2.0
True,SEEDA Plateau,0.6,True,21,317.2857142857143,197.07946185666907,233.2,394.575,0.6666666666666666,2.0
True,SEEDA Plateau,0.7,True,21,324.42857142857144,193.35991607067155,245.98214285714286,399.1464285714286,0.6666666666666666,2.0
True,SEEDA Plateau,0.8,True,21,349.2857142857143,173.05234550769396,268.84642857142853,419.15357142857147,0.7142857142857143,2.0
True,SEEDA Plateau,0.9,True,21,368.85714285714283,165.9286851976733,294.7035714285714,426.00357142857143,0.7619047619047619,2.0
True,SEEDA Plateau (ours),0.0,True,21,21.0,0.0,21.0,21.0,0.0,2.0
True,SEEDA Plateau (ours),0.1,True,21,73.71428571428571,128.2673547155093,30.285714285714285,135.14999999999998,0.09523809523809523,2.0
True,SEEDA Plateau (ours),0.2,True,21,91.0,130.71304449059397,42.42142857142857,144.1928571428571,0.14285714285714285,2.0
True,SEEDA Plateau (ours),0.3,True,21,114.0,146.6260549834169,60.23571428571429,176.03571428571425,0.19047619047619047,2.0
True,SEEDA Plateau (ours),0.4,True,21,128.71428571428572,157.2438052379625,71.0,203.73571428571427,0.19047619047619047,2.0
True,SEEDA Plateau (ours),0.5,True,21,146.42857142857142,169.22132591035074,80.96785714285714,216.4821428571428,0.23809523809523808,2.0
True,SEEDA Plateau (ours),0.6,True,21,161.28571428571428,176.13067389218236,87.71071428571427,240.58928571428572,0.23809523809523808,2.0
True,SEEDA Plateau (ours),0.7,True,21,191.42857142857142,176.5688453347791,119.70357142857142,260.85714285714283,0.38095238095238093,2.0
True,SEEDA Plateau (ours),0.8,True,21,249.14285714285714,174.5254381785892,179.83214285714286,317.1642857142857,0.5714285714285714,2.0
True,SEEDA Plateau (ours),0.9,True,21,338.57142857142856,164.52008127537846,266.675,402.7214285714286,0.7142857142857143,2.0
True,SEEDA Plateau (fixed),0.0,True,21,21.0,0.0,21.0,21.0,0.0,2.0
True,SEEDA Plateau (fixed),0.1,True,21,105.71428571428571,151.8661064415437,50.56428571428571,176.02142857142854,0.19047619047619047,2.0
True,SEEDA Plateau (fixed),0.2,True,21,134.14285714285714,166.1906392412899,72.99285714285715,202.43571428571425,0.19047619047619047,2.0
True,SEEDA Plateau (fixed),0.3,True,21,168.28571428571428,177.5962113495507,97.42857142857143,248.72142857142856,0.23809523809523808,2.0
True,SEEDA Plateau (fixed),0.4,True,21,196.14285714285714,194.86951678348407,117.56428571428572,275.2857142857143,0.38095238095238093,2.0
True,SEEDA Plateau (fixed),0.5,True,21,216.85714285714286,199.99707140712977,140.94642857142858,305.29999999999995,0.38095238095238093,2.0
True,SEEDA Plateau (fixed),0.6,True,21,224.57142857142858,198.8103547173968,145.2785714285714,305.45714285714286,0.38095238095238093,2.0
True,SEEDA Plateau (fixed),0.7,True,21,239.0,198.83762219459376,157.13214285714287,320.07499999999993,0.42857142857142855,2.0
True,SEEDA Plateau (fixed),0.8,True,21,260.0,204.91632438632115,177.975,339.58214285714286,0.5238095238095238,2.0
True,SEEDA Plateau (fixed),0.9,True,21,268.85714285714283,206.82052260699027,175.56785714285715,361.4357142857143,0.5238095238095238,2.0
False,UCB,0.0,True,20,21.0,0.0,21.0,21.0,0.0,2.0
False,UCB,0.1,True,20,26.1,2.9361629095775568,24.9,27.3,0.0,2.0
False,UCB,0.2,True,20,37.8,10.039920318408907,34.1925,42.3,0.0,2.0
False,UCB,0.3,True,20,167.4,121.89400054318119,117.885,223.8,0.5,2.0
False,UCB,0.4,True,20,347.55,134.18270145000454,285.41625,401.5575,0.85,2.0
False,UCB,0.5,True,20,445.35,30.802041969221523,430.04625,457.05375,1.0,2.0
False,UCB,0.6,True,20,460.05,3.5463101654358553,458.55,461.55,1.0,2.0
False,UCB,0.7,True,20,460.05,3.5463101654358553,458.55,461.55,1.0,2.0
False,UCB,0.8,True,20,460.05,3.5463101654358553,458.55,461.55,1.0,2.0
False,UCB,0.9,True,20,460.05,3.5463101654358553,458.55,461.55,1.0,2.0
False,SEEDA,0.0,True,20,21.0,0.0,21.0,21.0,0.0,2.0
False,SEEDA,0.1,True,20,24.6,1.8467610337532774,24.0,25.5,0.0,2.0
False,SEEDA,0.2,True,20,29.7,4.953467684891379,27.9,32.1,0.0,2.0
False,SEEDA,0.3,True,20,81.9,91.04186428578656,47.4,123.01499999999999,0.2,2.0
False,SEEDA,0.4,True,20,331.5,146.74844211492635,267.27750000000003,387.91499999999996,0.8,2.0
False,SEEDA,0.5,True,20,452.85,25.834035078188087,439.94624999999996,461.7,1.0,2.0
False,SEEDA,0.6,True,20,461.25,3.058637467549029,459.9,462.45,1.0,2.0
False,SEEDA,0.7,True,20,461.25,3.058637467549029,459.75,462.6,1.0,2.0
False,SEEDA,0.8,True,20,461.25,3.058637467549029,459.9,462.45,1.0,2.0
False,SEEDA,0.9,True,20,461.25,3.058637467549029,459.9,462.45,1.0,2.0
False,SEEDA Plateau,0.0,True,20,21.0,0.0,21.0,21.0,0.0,2.0
False,SEEDA Plateau,0.1,True,20,185.1,195.44548304349541,108.3,270.3,0.45,2.0
False,SEEDA Plateau,0.2,True,20,302.1,195.10831000133987,218.09625,375.00374999999997,0.7,2.0
False,SEEDA Plateau,0.3,True,20,357.45,156.33751443928176,284.82750000000004,415.81125,0.8,2.0
False,SEEDA Plateau,0.4,True,20,426.0,105.75741855277751,381.44624999999996,459.75,0.9,2.0
False,SEEDA Plateau,0.5,True,20,447.45,56.00890436726157,421.5,461.1,1.0,2.0
False,SEEDA Plateau,0.6,True,20,460.2,3.8196169551684798,458.55,461.85375,1.0,2.0
False,SEEDA Plateau,0.7,True,20,460.2,3.8196169551684798,458.55,461.85,1.0,2.0
False,SEEDA Plateau,0.8,True,20,460.2,3.8196169551684798,458.55,462.0,1.0,2.0
False,SEEDA Plateau,0.9,True,20,460.2,3.8196169551684798,458.55,461.85,1.0,2.0
False,SEEDA Plateau (ours),0.0,True,20,21.0,0.0,21.0,21.0,0.0,2.0
False,SEEDA Plateau (ours),0.1,True,20,31.8,24.936973183988215,24.3,43.207499999999996,0.0,2.0
False,SEEDA Plateau (ours),0.2,True,20,40.2,34.41786561778941,27.9,56.40749999999999,0.0,2.0
False,SEEDA Plateau (ours),0.3,True,20,57.6,78.96328260653809,31.8,95.12999999999997,0.05,2.0
False,SEEDA Plateau (ours),0.4,True,20,71.1,101.15641874162795,36.0,117.0075,0.05,2.0
False,SEEDA Plateau (ours),0.5,True,20,80.55,104.89968892633621,43.2,129.45,0.05,2.0
False,SEEDA Plateau (ours),0.6,True,20,105.9,141.32079967595936,51.9,170.70749999999998,0.15,2.0
False,SEEDA Plateau (ours),0.7,True,20,131.1,164.23631882459077,68.55375000000001,208.20374999999999,0.25,2.0
False,SEEDA Plateau (ours),0.8,True,20,181.5,173.75345509627928,109.485,260.715,0.45,2.0
False,SEEDA Plateau (ours),0.9,True,20,361.5,152.09328854703824,286.7925,422.86875,0.85,2.0
False,SEEDA Plateau (fixed),0.0,True,20,21.0,0.0,21.0,21.0,0.0,2.0
False,SEEDA Plateau (fixed),0.1,True,20,58.2,108.5267854397924,24.0,110.7075,0.1,2.0
False,SEEDA Plateau (fixed),0.2,True,20,71.85,132.00529295608206,28.2,135.90375,0.1,2.0
False,SEEDA Plateau (fixed),0.3,True,20,77.55,130.60848485373938,32.1,141.6,0.1,2.0
False,SEEDA Plateau (fixed),0.4,True,20,82.65,129.6810967030479,39.0,141.1575,0.1,2.0
False,SEEDA Plateau (fixed),0.5,True,20,88.65,129.2823409604364,41.6925,146.85375,0.1,2.0
False,SEEDA Plateau (fixed),0.6,True,20,97.65,130.42048394166827,48.9,164.40375,0.1,2.0
False,SEEDA Plateau (fixed),0.7,True,20,116.25,149.02697565771174,60.3,185.11124999999998,0.15,2.0
False,SEEDA Plateau (fixed),0.8,True,20,132.75,163.17374498561827,65.9925,207.7575,0.2,2.0
False,SEEDA Plateau (fixed),0.9,True,20,148.2,176.51736160323838,71.80875,231.0075,0.25,2.0
True,UCB,0.0,True,9,21.0,0.0,21.0,21.0,0.0,3.0
True,UCB,0.1,True,9,29.333333333333332,7.000000000000001,25.333333333333332,34.0,0.0,3.0
True,UCB,0.2,True,9,103.0,145.02758358326184,35.0,197.01666666666665,0.2222222222222222,3.0
True,UCB,0.3,True,9,190.33333333333334,182.44040122735973,90.65,301.34166666666664,0.4444444444444444,3.0
True,UCB,0.4,True,9,260.0,200.74237220875915,128.31666666666666,391.3583333333333,0.5555555555555556,3.0
True,UCB,0.5,True,9,362.3333333333333,152.17999211460094,267.325,456.0083333333333,0.7777777777777778,3.0
True,UCB,0.6,True,9,461.0,2.598076211353316,459.6666666666667,462.6666666666667,1.0,3.0
True,UCB,0.7,True,9,461.0,2.598076211353316,459.6666666666667,462.6666666666667,1.0,3.0
True,UCB,0.8,True,9,461.0,2.598076211353316,459.3333333333333,462.6666666666667,1.0,3.0
True,UCB,0.9,True,9,461.0,2.598076211353316,459.6666666666667,462.6666666666667,1.0,3.0
True,SEEDA,0.0,True,9,21.0,0.0,21.0,21.0,0.0,3.0
True,SEEDA,0.1,True,9,24.666666666666668,2.0,24.0,26.0,0.0,3.0
True,SEEDA,0.2,True,9,94.33333333333333,131.95832675507828,27.0,193.0,0.2222222222222222,3.0
True,SEEDA,0.3,True,9,191.33333333333334,196.3440857270725,78.65,304.9999999999997,0.4444444444444444,3.0
True,SEEDA,0.4,True,9,226.33333333333334,223.7068394126563,85.61666666666667,369.0,0.4444444444444444,3.0
True,SEEDA,0.5,True,9,329.3333333333333,142.86094637793772,244.31666666666666,414.34166666666664,0.8888888888888888,3.0
True,SEEDA,0.6,True,9,447.0,29.962476533157268,425.9916666666667,462.3333333333333,1.0,3.0
True,SEEDA,0.7,True,9,461.0,3.0,459.3333333333333,463.0,1.0,3.0
True,SEEDA,0.8,True,9,461.0,3.0,459.0,462.6666666666667,1.0,3.0
True,SEEDA,0.9,True,9,461.0,3.0,459.0,462.6666666666667,1.0,3.0
True,SEEDA Plateau,0.0,True,9,21.0,0.0,21.0,21.0,0.0,3.0
True,SEEDA Plateau,0.1,True,9,232.0,217.329243315298,88.0,376.0,0.5555555555555556,3.0
True,SEEDA Plateau,0.2,True,9,265.6666666666667,226.42106792434313,122.33333333333333,408.6666666666667,0.5555555555555556,3.0
True,SEEDA Plateau,0.3,True,9,267.0,224.8399430706208,124.66666666666667,409.3333333333333,0.5555555555555556,3.0
True,SEEDA Plateau,0.4,True,9,268.3333333333333,223.25881841486128,127.0,409.6666666666667,0.5555555555555556,3.0
True,SEEDA Plateau,0.5,True,9,269.6666666666667,221.6776939613005,129.33333333333334,409.6666666666667,0.5555555555555556,3.0
True,SEEDA Plateau,0.6,True,9,271.0,220.0965697142961,131.66666666666666,410.0,0.5555555555555556,3.0
True,SEEDA Plateau,0.7,True,9,272.3333333333333,218.51544567833187,134.0,410.3333333333333,0.5555555555555556,3.0
True,SEEDA Plateau,0.8,True,9,273.6666666666667,216.93432185802226,136.33333333333334,411.0,0.5555555555555556,3.0
True,SEEDA Plateau,0.9,True,9,275.6666666666667,214.57050123444276,139.33333333333334,411.3333333333333,0.5555555555555556,3.0
True,SEEDA Plateau (ours),0.0,True,9,21.0,0.0,21.0,21.0,0.0,3.0
True,SEEDA Plateau (ours),0.1,True,9,58.666666666666664,104.0,24.0,128.0,0.1111111111111111,3.0
True,SEEDA Plateau (ours),0.2,True,9,75.66666666666667,146.0,27.0,173.0,0.1111111111111111,3.0
True,SEEDA Plateau (ours),0.3,True,9,78.33333333333333,145.0,30.0,175.0,0.1111111111111111,3.0
True,SEEDA Plateau (ours),0.4,True,9,81.0,144.0,33.0,177.0,0.1111111111111111,3.0
True,SEEDA Plateau (ours),0.5,True,9,83.66666666666667,143.0,36.0,179.0,0.1111111111111111,3.0
True,SEEDA Plateau (ours),0.6,True,9,86.33333333333333,142.0,39.0,181.0,0.1111111111111111,3.0
True,SEEDA Plateau (ours),0.7,True,9,120.33333333333333,158.08067560584374,42.65,230.01666666666665,0.2222222222222222,3.0
True,SEEDA Plateau (ours),0.8,True,9,167.0,184.00543470234786,47.666666666666664,294.3666666666666,0.3333333333333333,3.0
True,SEEDA Plateau (ours),0.9,True,9,351.0,173.00144508066978,234.65833333333333,443.0083333333333,0.7777777777777778,3.0
True,SEEDA Plateau (fixed),0.0,True,9,21.0,0.0,21.0,21.0,0.0,3.0
True,SEEDA Plateau (fixed),0.1,True,9,72.0,144.0,24.0,168.0,0.1111111111111111,3.0
True,SEEDA Plateau (fixed),0.2,True,9,74.66666666666667,143.0,27.0,170.0,0.1111111111111111,3.0
True,SEEDA Plateau (fixed),0.3,True,9,77.33333333333333,142.0,30.0,172.0,0.1111111111111111,3.0
True,SEEDA Plateau (fixed),0.4,True,9,80.0,141.0,33.0,174.0,0.1111111111111111,3.0
True,SEEDA Plateau (fixed),0.5,True,9,82.66666666666667,140.0,36.0,176.0,0.1111111111111111,3.0
True,SEEDA Plateau (fixed),0.6,True,9,85.33333333333333,139.0,39.0,178.0,0.1111111111111111,3.0
True,SEEDA Plateau (fixed),0.7,True,9,88.0,138.0,42.0,180.0,0.1111111111111111,3.0
True,SEEDA Plateau (fixed),0.8,True,9,90.66666666666667,137.0,45.0,182.0,0.1111111111111111,3.0
True,SEEDA Plateau (fixed),0.9,True,9,93.33333333333333,136.0,48.0,184.0,0.1111111111111111,3.0
False,UCB,0.0,True,7,21.0,0.0,21.0,21.0,0.0,3.0
False,UCB,0.1,True,7,29.142857142857142,7.289914755527471,24.857142857142858,34.285714285714285,0.0,3.0
False,UCB,0.2,True,7,64.71428571428571,62.99659854763134,38.142857142857146,113.57142857142857,0.14285714285714285,3.0
False,UCB,0.3,True,7,376.2857142857143,89.44591342577607,308.57142857142856,427.73571428571427,1.0,3.0
False,UCB,0.4,True,7,459.42857142857144,2.0701966780270626,458.14285714285717,460.7142857142857,1.0,3.0
False,UCB,0.5,True,7,459.42857142857144,2.0701966780270626,458.14285714285717,460.7142857142857,1.0,3.0
False,UCB,0.6,True,7,459.42857142857144,2.0701966780270626,458.14285714285717,460.7142857142857,1.0,3.0
False,UCB,0.7,True,7,459.42857142857144,2.0701966780270626,458.14285714285717,460.7142857142857,1.0,3.0
False,UCB,0.8,True,7,459.42857142857144,2.0701966780270626,458.14285714285717,460.7142857142857,1.0,3.0
False,UCB,0.9,True,7,459.42857142857144,2.0701966780270626,458.14285714285717,460.7142857142857,1.0,3.0
False,SEEDA,0.0,True,7,21.0,0.0,21.0,21.0,0.0,3.0
False,SEEDA,0.1,True,7,24.857142857142858,2.2677868380553634,24.0,26.571428571428573,0.0,3.0
False,SEEDA,0.2,True,7,49.285714285714285,58.96245778943945,27.0,93.85714285714286,0.14285714285714285,3.0
False,SEEDA,0.3,True,7,330.0,145.03792607452715,221.14285714285714,414.85714285714283,0.8571428571428571,3.0
False,SEEDA,0.4,True,7,461.57142857142856,2.699206232527312,459.85714285714283,463.2857142857143,1.0,3.0
False,SEEDA,0.5,True,7,461.57142857142856,2.699206232527312,459.85714285714283,463.2857142857143,1.0,3.0
False,SEEDA,0.6,True,7,461.57142857142856,2.699206232527312,459.85714285714283,463.2857142857143,1.0,3.0
False,SEEDA,0.7,True,7,461.57142857142856,2.699206232527312,459.85714285714283,463.2857142857143,1.0,3.0
False,SEEDA,0.8,True,7,461.57142857142856,2.699206232527312,459.85714285714283,463.7142857142857,1.0,3.0
False,SEEDA,0.9,True,7,461.57142857142856,2.699206232527312,459.85714285714283,463.2857142857143,1.0,3.0
False,SEEDA Plateau,0.0,True,7,21.0,0.0,21.0,21.0,0.0,3.0
False,SEEDA Plateau,0.1,True,7,374.57142857142856,162.91803372949758,251.14285714285714,456.0,0.8571428571428571,3.0
False,SEEDA Plateau,0.2,True,7,437.14285714285717,53.96427389618855,395.57142857142856,459.85714285714283,1.0,3.0
False,SEEDA Plateau,0.3,True,7,458.14285714285717,3.7606990231680526,456.0,461.14285714285717,1.0,3.0
False,SEEDA Plateau,0.4,True,7,458.14285714285717,3.7606990231680526,456.0,460.7142857142857,1.0,3.0
False,SEEDA Plateau,0.5,True,7,458.14285714285717,3.7606990231680526,456.0,461.14285714285717,1.0,3.0
False,SEEDA Plateau,0.6,True,7,458.14285714285717,3.7606990231680526,456.0,460.7142857142857,1.0,3.0
False,SEEDA Plateau,0.7,True,7,458.14285714285717,3.7606990231680526,456.0,461.14285714285717,1.0,3.0
False,SEEDA Plateau,0.8,True,7,458.14285714285717,3.7606990231680526,456.0,460.725,1.0,3.0
False,SEEDA Plateau,0.9,True,7,458.14285714285717,3.7606990231680526,456.0,460.7142857142857,1.0,3.0
False,SEEDA Plateau (ours),0.0,True,7,21.0,0.0,21.0,21.0,0.0,3.0
False,SEEDA Plateau (ours),0.1,True,7,24.857142857142858,2.2677868380553634,24.0,26.571428571428573,0.0,3.0
False,SEEDA Plateau (ours),0.2,True,7,27.857142857142858,2.2677868380553634,27.0,29.571428571428573,0.0,3.0
False,SEEDA Plateau (ours),0.3,True,7,30.857142857142858,2.2677868380553634,30.0,32.57142857142857,0.0,3.0
False,SEEDA Plateau (ours),0.4,True,7,34.714285714285715,4.535573676110727,33.0,38.142857142857146,0.0,3.0
False,SEEDA Plateau (ours),0.5,True,7,38.57142857142857,6.80336051416609,36.0,43.714285714285715,0.0,3.0
False,SEEDA Plateau (ours),0.6,True,7,47.57142857142857,22.677868380553633,39.0,64.71428571428571,0.0,3.0
False,SEEDA Plateau (ours),0.7,True,7,74.57142857142857,80.93383541069653,42.857142857142854,136.28571428571428,0.14285714285714285,3.0
False,SEEDA Plateau (ours),0.8,True,7,212.14285714285714,167.08423880528903,99.85714285714286,324.47142857142853,0.5714285714285714,3.0
False,SEEDA Plateau (ours),0.9,True,7,421.2857142857143,103.77654565734701,342.42857142857144,461.57142857142856,1.0,3.0
False,SEEDA Plateau (fixed),0.0,True,7,21.0,0.0,21.0,21.0,0.0,3.0
False,SEEDA Plateau (fixed),0.1,True,7,27.428571428571427,9.071147352221454,24.0,34.285714285714285,0.0,3.0
False,SEEDA Plateau (fixed),0.2,True,7,32.142857142857146,13.60672102833218,27.0,42.42857142857143,0.0,3.0
False,SEEDA Plateau (fixed),0.3,True,7,42.0,31.74901573277509,30.0,66.0,0.0,3.0
False,SEEDA Plateau (fixed),0.4,True,7,47.57142857142857,38.55237624694118,33.0,76.71428571428571,0.0,3.0
False,SEEDA Plateau (fixed),0.5,True,7,65.14285714285714,77.10475249388236,36.0,123.42857142857143,0.0,3.0
False,SEEDA Plateau (fixed),0.6,True,7,93.85714285714286,145.13835763554323,39.0,203.57142857142858,0.14285714285714285,3.0
False,SEEDA Plateau (fixed),0.7,True,7,102.0,158.74507866387543,42.0,222.0,0.14285714285714285,3.0
False,SEEDA Plateau (fixed),0.8,True,7,104.57142857142857,157.61118524484775,45.0,223.71428571428572,0.14285714285714285,3.0
False,SEEDA Plateau (fixed),0.9,True,7,108.85714285714286,155.74704766750108,48.857142857142854,227.14285714285714,0.14285714285714285,3.0
True,UCB,0.0,True,3,21.0,0.0,21.0,21.0,0.0,4.0
True,UCB,0.1,True,3,30.0,10.392304845413264,24.0,42.0,0.0,4.0
True,UCB,0.2,True,3,135.0,171.70905625505023,27.0,333.0,0.3333333333333333,4.0
True,UCB,0.3,True,3,294.0,200.52929960482084,72.0,462.0,0.6666666666666666,4.0
True,UCB,0.4,True,3,336.0,215.64554249972338,87.0,462.0,0.6666666666666666,4.0
True,UCB,0.5,True,3,391.0,120.38687636117153,252.0,462.0,1.0,4.0
True,UCB,0.6,True,3,460.0,1.7320508075688772,459.0,462.0,1.0,4.0
True,UCB,0.7,True,3,460.0,1.7320508075688772,459.0,462.0,1.0,4.0
True,UCB,0.8,True,3,460.0,1.7320508075688772,459.0,462.0,1.0,4.0
True,UCB,0.9,True,3,460.0,1.7320508075688772,459.0,462.0,1.0,4.0
True,SEEDA,0.0,True,3,21.0,0.0,21.0,21.0,0.0,4.0
True,SEEDA,0.1,True,3,24.0,0.0,24.0,24.0,0.0,4.0
True,SEEDA,0.2,True,3,125.0,169.74097914175,27.0,321.0,0.3333333333333333,4.0
True,SEEDA,0.3,True,3,178.0,246.0243890349085,33.900000000000006,462.0,0.3333333333333333,4.0
True,SEEDA,0.4,True,3,234.0,215.77071163621812,33.0,462.0,0.6666666666666666,4.0
True,SEEDA,0.5,True,3,320.0,245.95121467478057,36.0,462.0,0.6666666666666666,4.0
True,SEEDA,0.6,True,3,323.0,240.75506225207394,45.0,462.0,0.6666666666666666,4.0
True,SEEDA,0.7,True,3,326.0,235.5589098293673,54.0,462.0,0.6666666666666666,4.0
True,SEEDA,0.8,True,3,419.0,74.47818472546173,333.0,462.0,1.0,4.0
True,SEEDA,0.9,True,3,462.0,0.0,462.0,462.0,1.0,4.0
True,SEEDA Plateau,0.0,True,3,21.0,0.0,21.0,21.0,0.0,4.0
True,SEEDA Plateau,0.1,True,3,312.0,249.41531628991834,24.0,456.0,0.6666666666666666,4.0
True,SEEDA Plateau,0.2,True,3,313.0,247.68326548234944,27.0,456.0,0.6666666666666666,4.0
True,SEEDA Plateau,0.3,True,3,314.0,245.95121467478057,30.0,456.0,0.6666666666666666,4.0
True,SEEDA Plateau,0.4,True,3,315.0,244.2191638672117,33.0,456.0,0.6666666666666666,4.0
True,SEEDA Plateau,0.5,True,3,316.0,242.4871130596428,36.0,456.0,0.6666666666666666,4.0
True,SEEDA Plateau,0.6,True,3,317.0,240.75506225207394,39.0,456.0,0.6666666666666666,4.0
True,SEEDA Plateau,0.7,True,3,318.0,239.02301144450507,42.0,456.0,0.6666666666666666,4.0
True,SEEDA Plateau,0.8,True,3,319.0,237.29096063693618,45.0,456.0,0.6666666666666666,4.0
True,SEEDA Plateau,0.9,True,3,320.0,235.5589098293673,48.0,456.0,0.6666666666666666,4.0
True,SEEDA Plateau (ours),0.0,True,3,21.0,0.0,21.0,21.0,0.0,4.0
True,SEEDA Plateau (ours),0.1,True,3,24.0,0.0,24.0,24.0,0.0,4.0
True,SEEDA Plateau (ours),0.2,True,3,27.0,0.0,27.0,27.0,0.0,4.0
True,SEEDA Plateau (ours),0.3,True,3,30.0,0.0,30.0,30.0,0.0,4.0
True,SEEDA Plateau (ours),0.4,True,3,33.0,0.0,33.0,33.0,0.0,4.0
True,SEEDA Plateau (ours),0.5,True,3,36.0,0.0,36.0,36.0,0.0,4.0
True,SEEDA Plateau (ours),0.6,True,3,39.0,0.0,39.0,39.0,0.0,4.0
True,SEEDA Plateau (ours),0.7,True,3,42.0,0.0,42.0,42.0,0.0,4.0
True,SEEDA Plateau (ours),0.8,True,3,47.0,3.4641016151377544,45.0,51.0,0.0,4.0
True,SEEDA Plateau (ours),0.9,True,3,324.0,239.02301144450507,48.0,462.0,0.6666666666666666,4.0
True,SEEDA Plateau (fixed),0.0,True,3,21.0,0.0,21.0,21.0,0.0,4.0
True,SEEDA Plateau (fixed),0.1,True,3,24.0,0.0,24.0,24.0,0.0,4.0
True,SEEDA Plateau (fixed),0.2,True,3,27.0,0.0,27.0,27.0,0.0,4.0
True,SEEDA Plateau (fixed),0.3,True,3,30.0,0.0,30.0,30.0,0.0,4.0
True,SEEDA Plateau (fixed),0.4,True,3,33.0,0.0,33.0,33.0,0.0,4.0
True,SEEDA Plateau (fixed),0.5,True,3,36.0,0.0,36.0,36.0,0.0,4.0
True,SEEDA Plateau (fixed),0.6,True,3,39.0,0.0,39.0,39.0,0.0,4.0
True,SEEDA Plateau (fixed),0.7,True,3,42.0,0.0,42.0,42.0,0.0,4.0
True,SEEDA Plateau (fixed),0.8,True,3,45.0,0.0,45.0,45.0,0.0,4.0
True,SEEDA Plateau (fixed),0.9,True,3,48.0,0.0,48.0,48.0,0.0,4.0
False,UCB,0.0,True,1,21.0,0.0,21.0,21.0,0.0,4.0
False,UCB,0.1,True,1,168.0,0.0,168.0,168.0,1.0,4.0
False,UCB,0.2,True,1,183.0,0.0,183.0,183.0,0.0,4.0
False,UCB,0.3,True,1,456.0,0.0,456.0,456.0,1.0,4.0
False,UCB,0.4,True,1,456.0,0.0,456.0,456.0,1.0,4.0
False,UCB,0.5,True,1,456.0,0.0,456.0,456.0,1.0,4.0
False,UCB,0.6,True,1,456.0,0.0,456.0,456.0,1.0,4.0
False,UCB,0.7,True,1,456.0,0.0,456.0,456.0,1.0,4.0
False,UCB,0.8,True,1,456.0,0.0,456.0,456.0,1.0,4.0
False,UCB,0.9,True,1,456.0,0.0,456.0,456.0,1.0,4.0
False,SEEDA,0.0,True,1,21.0,0.0,21.0,21.0,0.0,4.0
False,SEEDA,0.1,True,1,30.0,0.0,30.0,30.0,0.0,4.0
False,SEEDA,0.2,True,1,207.0,0.0,207.0,207.0,1.0,4.0
False,SEEDA,0.3,True,1,462.0,0.0,462.0,462.0,1.0,4.0
False,SEEDA,0.4,True,1,462.0,0.0,462.0,462.0,1.0,4.0
False,SEEDA,0.5,True,1,462.0,0.0,462.0,462.0,1.0,4.0
False,SEEDA,0.6,True,1,462.0,0.0,462.0,462.0,1.0,4.0
False,SEEDA,0.7,True,1,462.0,0.0,462.0,462.0,1.0,4.0
False,SEEDA,0.8,True,1,462.0,0.0,462.0,462.0,1.0,4.0
False,SEEDA,0.9,True,1,462.0,0.0,462.0,462.0,1.0,4.0
False,SEEDA Plateau,0.0,True,1,21.0,0.0,21.0,21.0,0.0,4.0
False,SEEDA Plateau,0.1,True,1,456.0,0.0,456.0,456.0,1.0,4.0
False,SEEDA Plateau,0.2,True,1,456.0,0.0,456.0,456.0,1.0,4.0
False,SEEDA Plateau,0.3,True,1,456.0,0.0,456.0,456.0,1.0,4.0
False,SEEDA Plateau,0.4,True,1,456.0,0.0,456.0,456.0,1.0,4.0
False,SEEDA Plateau,0.5,True,1,456.0,0.0,456.0,456.0,1.0,4.0
False,SEEDA Plateau,0.6,True,1,456.0,0.0,456.0,456.0,1.0,4.0
False,SEEDA Plateau,0.7,True,1,456.0,0.0,456.0,456.0,1.0,4.0
False,SEEDA Plateau,0.8,True,1,456.0,0.0,456.0,456.0,1.0,4.0
False,SEEDA Plateau,0.9,True,1,456.0,0.0,456.0,456.0,1.0,4.0
False,SEEDA Plateau (ours),0.0,True,1,21.0,0.0,21.0,21.0,0.0,4.0
False,SEEDA Plateau (ours),0.1,True,1,24.0,0.0,24.0,24.0,0.0,4.0
False,SEEDA Plateau (ours),0.2,True,1,27.0,0.0,27.0,27.0,0.0,4.0
False,SEEDA Plateau (ours),0.3,True,1,30.0,0.0,30.0,30.0,0.0,4.0
False,SEEDA Plateau (ours),0.4,True,1,33.0,0.0,33.0,33.0,0.0,4.0
False,SEEDA Plateau (ours),0.5,True,1,36.0,0.0,36.0,36.0,0.0,4.0
False,SEEDA Plateau (ours),0.6,True,1,39.0,0.0,39.0,39.0,0.0,4.0
False,SEEDA Plateau (ours),0.7,True,1,48.0,0.0,48.0,48.0,0.0,4.0
False,SEEDA Plateau (ours),0.8,True,1,465.0,0.0,465.0,465.0,1.0,4.0
False,SEEDA Plateau (ours),0.9,True,1,465.0,0.0,465.0,465.0,1.0,4.0
False,SEEDA Plateau (fixed),0.0,True,1,21.0,0.0,21.0,21.0,0.0,4.0
False,SEEDA Plateau (fixed),0.1,True,1,24.0,0.0,24.0,24.0,0.0,4.0
False,SEEDA Plateau (fixed),0.2,True,1,27.0,0.0,27.0,27.0,0.0,4.0
False,SEEDA Plateau (fixed),0.3,True,1,30.0,0.0,30.0,30.0,0.0,4.0
False,SEEDA Plateau (fixed),0.4,True,1,33.0,0.0,33.0,33.0,0.0,4.0
False,SEEDA Plateau (fixed),0.5,True,1,36.0,0.0,36.0,36.0,0.0,4.0
False,SEEDA Plateau (fixed),0.6,True,1,39.0,0.0,39.0,39.0,0.0,4.0
False,SEEDA Plateau (fixed),0.7,True,1,42.0,0.0,42.0,42.0,0.0,4.0
False,SEEDA Plateau (fixed),0.8,True,1,45.0,0.0,45.0,45.0,0.0,4.0
False,SEEDA Plateau (fixed),0.9,True,1,66.0,0.0,66.0,66.0,0.0,4.0
